Workbook

Sheet timeseries
A1: t
A2: 44671
A3: 44671.042
A4: 44671.083
A5: 44671.125
A6: 44671.167
A7: 44671.208
A8: 44671.25
A9: 44671.292
A10: 44671.333
A11: 44671.375

Sheet setup
A1: parameter | B1: value
A2: use_market_bids | B2: 1
A3: use_reserves | B3: 1
A4: use_reserve_realisation | B4: 1
A5: use_node_dummy_variables | B5: 1
A6: use_ramp_dummy_variables | B6: 1
A7: node_dummy_variable_cost | B7: 10000
A8: ramp_dummy_variable_cost | B8: 10000
A9: common_start_timesteps | B9: 0
A10: common_end_timesteps | B10: 0
A11: common_scenario_name

Sheet nodes
A1: node | B1: is_commodity | C1: is_state | D1: is_res | E1: is_market | F1: is_inflow | G1: state_max | H1: state_min | I1: in_max | J1: out_max | K1: initial_state | L1: state_loss_proportional | M1: scenario_independent_state | N1: is_temp | O1: t_e_conversion | P1: residual_value
A2: ng | B2: 1 | C2: 0 | D2: 0 | E2: 0 | F2: 0 | G2: 0 | H2: 0 | I2: 0 | J2: 0 | K2: 0 | L2: 0 | M2: 0 | N2: 0 | O2: 1 | P2: 0
A3: elc | B3: 0 | C3: 0 | D3: 0 | E3: 0 | F3: 0 | G3: 0 | H3: 0 | I3: 0 | J3: 0 | K3: 0 | L3: 0 | M3: 0 | N3: 0 | O3: 1 | P3: 0
A4: elc_sto | B4: 0 | C4: 1 | D4: 0 | E4: 0 | F4: 0 | G4: 10 | H4: 0 | I4: 3 | J4: 3 | K4: 0 | L4: 0.01 | M4: 0 | N4: 0 | O4: 1 | P4: 10
A5: heat | B5: 0 | C5: 0 | D5: 0 | E5: 0 | F5: 1 | G5: 0 | H5: 0 | I5: 0 | J5: 0 | K5: 0 | L5: 0 | M5: 0 | N5: 0 | O5: 1 | P5: 0

Sheet processes
A1: process | B1: is_cf | C1: is_cf_fix | D1: is_online | E1: is_res | F1: conversion | G1: eff | H1: load_min | I1: load_max | J1: start_cost | K1: min_online | L1: min_offline | M1: max_online | N1: max_offline | O1: initial_state | P1: scenario_independent_online | Q1: delay
A2: ngchp | B2: 0 | C2: 0 | D2: 1 | E2: 0 | F2: 1 | G2: 0.8 | H2: 0.4 | I2: 1 | J2: 0 | K2: 0 | L2: 0 | M2: 0 | N2: 0 | O2: 1 | P2: 0 | Q2: 0
A3: windturb | B3: 1 | C3: 0 | D3: 0 | E3: 0 | F3: 1 | G3: 1 | H3: 0 | I3: 1 | J3: 0 | K3: 0 | L3: 0 | M3: 0 | N3: 0 | O3: 0 | P3: 0 | Q3: 0
A4: heatpump | B4: 0 | C4: 0 | D4: 0 | E4: 0 | F4: 1 | G4: 3 | H4: 0 | I4: 1 | J4: 0 | K4: 0 | L4: 0 | M4: 0 | N4: 0 | O4: 0 | P4: 0 | Q4: 0
A5: charge | B5: 0 | C5: 0 | D5: 1 | E5: 0 | F5: 1 | G5: 0.99 | H5: 0 | I5: 1 | J5: 0 | K5: 0 | L5: 0 | M5: 0 | N5: 0 | O5: 0 | P5: 0 | Q5: 0
A6: discharge | B6: 0 | C6: 0 | D6: 1 | E6: 0 | F6: 1 | G6: 0.99 | H6: 0 | I6: 1 | J6: 0 | K6: 0 | L6: 0 | M6: 0 | N6: 0 | O6: 0 | P6: 0 | Q6: 0

Sheet groups
A1: group_type | B1: entity | C1: group
A2: node | B2: elc | C2: elc_res
A3: process | B3: ngchp | C3: p_res
A4: process | B4: heatpump | C4: p_res
A5: process | B5: charge | C5: p_res
A6: process | B6: discharge | C6: p_res

Sheet efficiencies
A1: process | B1: 1 | C1: =B1+1 -> 2 | D1: =C1+1 -> 3 | E1: =D1+1 -> 4 | F1: =E1+1 -> 5 | G1: =F1+1 -> 6 | H1: =G1+1 -> 7 | I1: =H1+1 -> 8 | J1: =I1+1 -> 9 | K1: =J1+1 -> 10

Sheet process_topology
A1: process | B1: source_sink | C1: node | D1: conversion_coeff | E1: capacity | F1: vom_cost | G1: ramp_up | H1: ramp_down | I1: initial_load | J1: initial_flow
A2: ngchp | B2: source | C2: ng | D2: 1 | E2: 10 | F2: 0 | G2: 3 | H2: 3 | I2: 0.7 | J2: 0.7
A3: ngchp | B3: sink | C3: elc | D3: 1 | E3: 3 | F3: 0 | G3: 3 | H3: 3 | I3: 0.7 | J3: 0.7
A4: ngchp | B4: sink | C4: heat | D4: 1 | E4: 6 | F4: 0 | G4: 3 | H4: 3 | I4: 0.7 | J4: 0.7
A5: windturb | B5: sink | C5: elc | D5: 1 | E5: 5 | F5: 0 | G5: 1 | H5: 1 | I5: 0.7 | J5: 0.7
A6: heatpump | B6: source | C6: elc | D6: 1 | E6: 3 | F6: 0 | G6: 5 | H6: 5 | I6: 0.7 | J6: 0.7
A7: heatpump | B7: sink | C7: heat | D7: 1 | E7: 9 | F7: 0 | G7: 5 | H7: 5 | I7: 0.7 | J7: 0.7
A8: charge | B8: source | C8: elc | D8: 1 | E8: 3 | F8: 0 | G8: 15 | H8: 15 | I8: 0.7 | J8: 0.7
A9: charge | B9: sink | C9: elc_sto | D9: 1 | E9: 3 | F9: 0 | G9: 15 | H9: 15 | I9: 0.7 | J9: 0.7
A10: discharge | B10: source | C10: elc | D10: 1 | E10: 3 | F10: 0 | G10: 15 | H10: 15 | I10: 0.7 | J10: 0.7
A11: discharge | B11: sink | C11: elc_sto | D11: 1 | E11: 3 | F11: 0 | G11: 15 | H11: 15 | I11: 0.7 | J11: 0.7

Sheet node_history
A1: t
A2: =IF(timeseries!A2<>"",timeseries!A2,"") -> 44671
A3: =IF(timeseries!A3<>"",timeseries!A3,"") -> 44671.042
A4: =IF(timeseries!A4<>"",timeseries!A4,"") -> 44671.083
A5: =IF(timeseries!A5<>"",timeseries!A5,"") -> 44671.125
A6: =IF(timeseries!A6<>"",timeseries!A6,"") -> 44671.167
A7: =IF(timeseries!A7<>"",timeseries!A7,"") -> 44671.208
A8: =IF(timeseries!A8<>"",timeseries!A8,"") -> 44671.25
A9: =IF(timeseries!A9<>"",timeseries!A9,"") -> 44671.292
A10: =IF(timeseries!A10<>"",timeseries!A10,"") -> 44671.333
A11: =IF(timeseries!A11<>"",timeseries!A11,"") -> 44671.375
A12: =IF(timeseries!A12<>"",timeseries!A12,"")
A13: =IF(timeseries!A13<>"",timeseries!A13,"")
... A25: =IF(timeseries!A25<>"",timeseries!A25,"")

Sheet node_delay
A1: node1 | B1: node2 | C1: delay_t | D1: min_flow | E1: max_flow

Sheet node_diffusion
A1: t
A2: =IF(timeseries!A2<>"",timeseries!A2,"") -> 44671
A3: =IF(timeseries!A3<>"",timeseries!A3,"") -> 44671.042
A4: =IF(timeseries!A4<>"",timeseries!A4,"") -> 44671.083
A5: =IF(timeseries!A5<>"",timeseries!A5,"") -> 44671.125
A6: =IF(timeseries!A6<>"",timeseries!A6,"") -> 44671.167
A7: =IF(timeseries!A7<>"",timeseries!A7,"") -> 44671.208
A8: =IF(timeseries!A8<>"",timeseries!A8,"") -> 44671.25
A9: =IF(timeseries!A9<>"",timeseries!A9,"") -> 44671.292
A10: =IF(timeseries!A10<>"",timeseries!A10,"") -> 44671.333
A11: =IF(timeseries!A11<>"",timeseries!A11,"") -> 44671.375

Sheet reserve_type
A1: reserve_type | B1: ramp_factor

Sheet cf
A1: t | B1: windturb,s1 | C1: windturb,s2 | D1: windturb,s3
A2: =IF(timeseries!A2<>"",timeseries!A2,"") -> 44671 | B2: 0.8 | C2: 0.5 | D2: 0.25
A3: =IF(timeseries!A3<>"",timeseries!A3,"") -> 44671.042 | B3: 0.824 | C3: 0.596 | D3: 0.349
A4: =IF(timeseries!A4<>"",timeseries!A4,"") -> 44671.083 | B4: 0.897 | C4: 0.638 | D4: 0.279
A5: =IF(timeseries!A5<>"",timeseries!A5,"") -> 44671.125 | B5: 0.859 | C5: 0.611 | D5: 0.363
A6: =IF(timeseries!A6<>"",timeseries!A6,"") -> 44671.167 | B6: 0.959 | C6: 0.542 | D6: 0.276
A7: =IF(timeseries!A7<>"",timeseries!A7,"") -> 44671.208 | B7: 0.934 | C7: 0.49 | D7: 0.235
A8: =IF(timeseries!A8<>"",timeseries!A8,"") -> 44671.25 | B8: 0.837 | C8: 0.497 | D8: 0.175
A9: =IF(timeseries!A9<>"",timeseries!A9,"") -> 44671.292 | B9: 0.9 | C9: 0.553 | D9: 0.176
A10: =IF(timeseries!A10<>"",timeseries!A10,"") -> 44671.333 | B10: 0.96 | C10: 0.534 | D10: 0.214
A11: =IF(timeseries!A11<>"",timeseries!A11,"") -> 44671.375 | B11: 0.99 | C11: 0.527 | D11: 0.274
A12: =IF(timeseries!A12<>"",timeseries!A12,"")
A13: =IF(timeseries!A13<>"",timeseries!A13,"")
A14: =IF(timeseries!A14<>"",timeseries!A14,"")
A15: =IF(timeseries!A15<>"",timeseries!A15,"")
A16: =IF(timeseries!A16<>"",timeseries!A16,"")
A17: =IF(timeseries!A17<>"",timeseries!A17,"")
A18: =IF(timeseries!A18<>"",timeseries!A18,"")
A19: =IF(timeseries!A19<>"",timeseries!A19,"")
A20: =IF(timeseries!A20<>"",timeseries!A20,"")
A21: =IF(timeseries!A21<>"",timeseries!A21,"")
A22: =IF(timeseries!A22<>"",timeseries!A22,"")
A23: =IF(timeseries!A23<>"",timeseries!A23,"")
... A25: =IF(timeseries!A25<>"",timeseries!A25,"")

Sheet inflow
A1: t | B1: heat,s1 | C1: heat,s2 | D1: heat,s3
A2: =IF(timeseries!A2<>"",timeseries!A2,"") -> 44671 | B2: -7.34 | C2: -5.72 | D2: -7.84
A3: =IF(timeseries!A3<>"",timeseries!A3,"") -> 44671.042 | B3: -6.65 | C3: -5.62 | D3: -7.07
A4: =IF(timeseries!A4<>"",timeseries!A4,"") -> 44671.083 | B4: -6.17 | C4: -4.7 | D4: -6.73
A5: =IF(timeseries!A5<>"",timeseries!A5,"") -> 44671.125 | B5: -6.18 | C5: -4.06 | D5: -6.65
A6: =IF(timeseries!A6<>"",timeseries!A6,"") -> 44671.167 | B6: -5.99 | C6: -4.32 | D6: -7.08
A7: =IF(timeseries!A7<>"",timeseries!A7,"") -> 44671.208 | B7: -5.31 | C7: -3.78 | D7: -6.79
A8: =IF(timeseries!A8<>"",timeseries!A8,"") -> 44671.25 | B8: -6.11 | C8: -4.41 | D8: -7.13
A9: =IF(timeseries!A9<>"",timeseries!A9,"") -> 44671.292 | B9: -5.8 | C9: -3.98 | D9: -7.41
A10: =IF(timeseries!A10<>"",timeseries!A10,"") -> 44671.333 | B10: -4.9 | C10: -3.51 | D10: -7.27
A11: =IF(timeseries!A11<>"",timeseries!A11,"") -> 44671.375 | B11: -5.73 | C11: -3.11 | D11: -7.7
A12: =IF(timeseries!A12<>"",timeseries!A12,"")
A13: =IF(timeseries!A13<>"",timeseries!A13,"")
A14: =IF(timeseries!A14<>"",timeseries!A14,"")
A15: =IF(timeseries!A15<>"",timeseries!A15,"")
A16: =IF(timeseries!A16<>"",timeseries!A16,"")
A17: =IF(timeseries!A17<>"",timeseries!A17,"")
A18: =IF(timeseries!A18<>"",timeseries!A18,"")
A19: =IF(timeseries!A19<>"",timeseries!A19,"")
A20: =IF(timeseries!A20<>"",timeseries!A20,"")
A21: =IF(timeseries!A21<>"",timeseries!A21,"")
A22: =IF(timeseries!A22<>"",timeseries!A22,"")
A23: =IF(timeseries!A23<>"",timeseries!A23,"")
... A25: =IF(timeseries!A25<>"",timeseries!A25,"")

Sheet inflow_blocks
A1: t
A2: 1
A3: 2
A4: 3
A5: 4
A6: 5
A7: 6
A8: 7
A9: 8
A10: 9
A11: 10

Sheet flex_inflow
A1: period_name | B1: node | C1: scenario | D1: t_start | E1: t_end | F1: inflow

Sheet price
A1: t | B1: ng,ALL
A2: =IF(timeseries!A2<>"",timeseries!A2,"") -> 44671 | B2: 10
A3: =IF(timeseries!A3<>"",timeseries!A3,"") -> 44671.042 | B3: 10
A4: =IF(timeseries!A4<>"",timeseries!A4,"") -> 44671.083 | B4: 10
A5: =IF(timeseries!A5<>"",timeseries!A5,"") -> 44671.125 | B5: 10
A6: =IF(timeseries!A6<>"",timeseries!A6,"") -> 44671.167 | B6: 10
A7: =IF(timeseries!A7<>"",timeseries!A7,"") -> 44671.208 | B7: 10
A8: =IF(timeseries!A8<>"",timeseries!A8,"") -> 44671.25 | B8: 10
A9: =IF(timeseries!A9<>"",timeseries!A9,"") -> 44671.292 | B9: 10
A10: =IF(timeseries!A10<>"",timeseries!A10,"") -> 44671.333 | B10: 10
A11: =IF(timeseries!A11<>"",timeseries!A11,"") -> 44671.375 | B11: 10
A12: =IF(timeseries!A12<>"",timeseries!A12,"")
A13: =IF(timeseries!A13<>"",timeseries!A13,"")
A14: =IF(timeseries!A14<>"",timeseries!A14,"")
A15: =IF(timeseries!A15<>"",timeseries!A15,"")
A16: =IF(timeseries!A16<>"",timeseries!A16,"")
A17: =IF(timeseries!A17<>"",timeseries!A17,"")
A18: =IF(timeseries!A18<>"",timeseries!A18,"")
A19: =IF(timeseries!A19<>"",timeseries!A19,"")
A20: =IF(timeseries!A20<>"",timeseries!A20,"")
A21: =IF(timeseries!A21<>"",timeseries!A21,"")
A22: =IF(timeseries!A22<>"",timeseries!A22,"")
A23: =IF(timeseries!A23<>"",timeseries!A23,"")
... A25: =IF(timeseries!A25<>"",timeseries!A25,"")

Sheet markets
A1: market | B1: market_type | C1: node | D1: processgroup | E1: direction | F1: realisation | G1: reserve_type | H1: is_bid | I1: is_limited | J1: min_bid | K1: max_bid | L1: fee
A2: npe | B2: energy | C2: elc | D2: p1 | E2: none | F2: 0 | G2: none | H2: 1 | I2: 0 | J2: 0 | K2: 0 | L2: 0

Sheet bid_slots
A1: t
A2: =IF(timeseries!A2<>"",timeseries!A2,"") -> 44671
A3: =IF(timeseries!A3<>"",timeseries!A3,"") -> 44671.042
A4: =IF(timeseries!A4<>"",timeseries!A4,"") -> 44671.083
A5: =IF(timeseries!A5<>"",timeseries!A5,"") -> 44671.125
A6: =IF(timeseries!A6<>"",timeseries!A6,"") -> 44671.167
A7: =IF(timeseries!A7<>"",timeseries!A7,"") -> 44671.208
A8: =IF(timeseries!A8<>"",timeseries!A8,"") -> 44671.25
A9: =IF(timeseries!A9<>"",timeseries!A9,"") -> 44671.292
A10: =IF(timeseries!A10<>"",timeseries!A10,"") -> 44671.333
A11: =IF(timeseries!A11<>"",timeseries!A11,"") -> 44671.375

Sheet reserve_realisation
A1: t
A2: =IF(timeseries!A2<>"",timeseries!A2,"") -> 44671
A3: =IF(timeseries!A3<>"",timeseries!A3,"") -> 44671.042
A4: =IF(timeseries!A4<>"",timeseries!A4,"") -> 44671.083
A5: =IF(timeseries!A5<>"",timeseries!A5,"") -> 44671.125
A6: =IF(timeseries!A6<>"",timeseries!A6,"") -> 44671.167
A7: =IF(timeseries!A7<>"",timeseries!A7,"") -> 44671.208
A8: =IF(timeseries!A8<>"",timeseries!A8,"") -> 44671.25
A9: =IF(timeseries!A9<>"",timeseries!A9,"") -> 44671.292
A10: =IF(timeseries!A10<>"",timeseries!A10,"") -> 44671.333
A11: =IF(timeseries!A11<>"",timeseries!A11,"") -> 44671.375
A12: =IF(timeseries!A12<>"",timeseries!A12,"")
A13: =IF(timeseries!A13<>"",timeseries!A13,"")
... A25: =IF(timeseries!A25<>"",timeseries!A25,"")

Sheet market_prices
A1: t | B1: npe,s1 | C1: npe,s2 | D1: npe,s3
A2: =IF(timeseries!A2<>"",timeseries!A2,"") -> 44671 | B2: 16.12 | C2: 15.72 | D2: 8.98
A3: =IF(timeseries!A3<>"",timeseries!A3,"") -> 44671.042 | B3: 23.68 | C3: 7.11 | D3: 4.48
A4: =IF(timeseries!A4<>"",timeseries!A4,"") -> 44671.083 | B4: 64.53 | C4: 36.51 | D4: 25.19
A5: =IF(timeseries!A5<>"",timeseries!A5,"") -> 44671.125 | B5: 43.86 | C5: 28.26 | D5: 19.1
A6: =IF(timeseries!A6<>"",timeseries!A6,"") -> 44671.167 | B6: 64.95 | C6: 47.09 | D6: 25.81
A7: =IF(timeseries!A7<>"",timeseries!A7,"") -> 44671.208 | B7: 85.16 | C7: 33.48 | D7: 23.67
A8: =IF(timeseries!A8<>"",timeseries!A8,"") -> 44671.25 | B8: 141.19 | C8: 68.42 | D8: 50.43
A9: =IF(timeseries!A9<>"",timeseries!A9,"") -> 44671.292 | B9: 72.24 | C9: 64.71 | D9: 36.69
A10: =IF(timeseries!A10<>"",timeseries!A10,"") -> 44671.333 | B10: 31.92 | C10: 9.58 | D10: 6.36
A11: =IF(timeseries!A11<>"",timeseries!A11,"") -> 44671.375 | B11: 11.35 | C11: 23.67 | D11: 14.89

Sheet balance_prices
A1: t | B1: npe,up,s1 | C1: npe,up,s2 | D1: npe,up,s3 | E1: npe,dw,s1 | F1: npe,dw,s2 | G1: npe,dw,s3
A2: =IF(timeseries!A2<>"",timeseries!A2,"") -> 44671 | B2: =1.05*market_prices!B2 -> 16.926 | C2: =1.05*market_prices!C2 -> 16.506 | D2: =1.05*market_prices!D2 -> 9.429 | E2: =0.95*market_prices!B2 -> 15.314 | F2: =0.95*market_prices!C2 -> 14.934 | G2: =0.95*market_prices!D2 -> 8.531
A3: =IF(timeseries!A3<>"",timeseries!A3,"") -> 44671.042 | B3: =1.05*market_prices!B3 -> 24.864 | C3: =1.05*market_prices!C3 -> 7.4655 | D3: =1.05*market_prices!D3 -> 4.704 | E3: =0.95*market_prices!B3 -> 22.496 | F3: =0.95*market_prices!C3 -> 6.7545 | G3: =0.95*market_prices!D3 -> 4.256
A4: =IF(timeseries!A4<>"",timeseries!A4,"") -> 44671.083 | B4: =1.05*market_prices!B4 -> 67.7565 | C4: =1.05*market_prices!C4 -> 38.3355 | D4: =1.05*market_prices!D4 -> 26.4495 | E4: =0.95*market_prices!B4 -> 61.3035 | F4: =0.95*market_prices!C4 -> 34.6845 | G4: =0.95*market_prices!D4 -> 23.9305
A5: =IF(timeseries!A5<>"",timeseries!A5,"") -> 44671.125 | B5: =1.05*market_prices!B5 -> 46.053 | C5: =1.05*market_prices!C5 -> 29.673 | D5: =1.05*market_prices!D5 -> 20.055 | E5: =0.95*market_prices!B5 -> 41.667 | F5: =0.95*market_prices!C5 -> 26.847 | G5: =0.95*market_prices!D5 -> 18.145
A6: =IF(timeseries!A6<>"",timeseries!A6,"") -> 44671.167 | B6: =1.05*market_prices!B6 -> 68.1975 | C6: =1.05*market_prices!C6 -> 49.4445 | D6: =1.05*market_prices!D6 -> 27.1005 | E6: =0.95*market_prices!B6 -> 61.7025 | F6: =0.95*market_prices!C6 -> 44.7355 | G6: =0.95*market_prices!D6 -> 24.5195
A7: =IF(timeseries!A7<>"",timeseries!A7,"") -> 44671.208 | B7: =1.05*market_prices!B7 -> 89.418 | C7: =1.05*market_prices!C7 -> 35.154 | D7: =1.05*market_prices!D7 -> 24.8535 | E7: =0.95*market_prices!B7 -> 80.902 | F7: =0.95*market_prices!C7 -> 31.806 | G7: =0.95*market_prices!D7 -> 22.4865
A8: =IF(timeseries!A8<>"",timeseries!A8,"") -> 44671.25 | B8: =1.05*market_prices!B8 -> 148.2495 | C8: =1.05*market_prices!C8 -> 71.841 | D8: =1.05*market_prices!D8 -> 52.9515 | E8: =0.95*market_prices!B8 -> 134.1305 | F8: =0.95*market_prices!C8 -> 64.999 | G8: =0.95*market_prices!D8 -> 47.9085
A9: =IF(timeseries!A9<>"",timeseries!A9,"") -> 44671.292 | B9: =1.05*market_prices!B9 -> 75.852 | C9: =1.05*market_prices!C9 -> 67.9455 | D9: =1.05*market_prices!D9 -> 38.5245 | E9: =0.95*market_prices!B9 -> 68.628 | F9: =0.95*market_prices!C9 -> 61.4745 | G9: =0.95*market_prices!D9 -> 34.8555
A10: =IF(timeseries!A10<>"",timeseries!A10,"") -> 44671.333 | B10: =1.05*market_prices!B10 -> 33.516 | C10: =1.05*market_prices!C10 -> 10.059 | D10: =1.05*market_prices!D10 -> 6.678 | E10: =0.95*market_prices!B10 -> 30.324 | F10: =0.95*market_prices!C10 -> 9.101 | G10: =0.95*market_prices!D10 -> 6.042
A11: =IF(timeseries!A11<>"",timeseries!A11,"") -> 44671.375 | B11: =1.05*market_prices!B11 -> 11.9175 | C11: =1.05*market_prices!C11 -> 24.8535 | D11: =1.05*market_prices!D11 -> 15.6345 | E11: =0.95*market_prices!B11 -> 10.7825 | F11: =0.95*market_prices!C11 -> 22.4865 | G11: =0.95*market_prices!D11 -> 14.1455

Sheet reserve_activation_price
A1: t
A2: =IF(timeseries!A2<>"",timeseries!A2,"") -> 44671
A3: =IF(timeseries!A3<>"",timeseries!A3,"") -> 44671.042
A4: =IF(timeseries!A4<>"",timeseries!A4,"") -> 44671.083
A5: =IF(timeseries!A5<>"",timeseries!A5,"") -> 44671.125
A6: =IF(timeseries!A6<>"",timeseries!A6,"") -> 44671.167
A7: =IF(timeseries!A7<>"",timeseries!A7,"") -> 44671.208
A8: =IF(timeseries!A8<>"",timeseries!A8,"") -> 44671.25
A9: =IF(timeseries!A9<>"",timeseries!A9,"") -> 44671.292
A10: =IF(timeseries!A10<>"",timeseries!A10,"") -> 44671.333
A11: =IF(timeseries!A11<>"",timeseries!A11,"") -> 44671.375
A12: =IF(timeseries!A12<>"",timeseries!A12,"")
A13: =IF(timeseries!A13<>"",timeseries!A13,"")
... A25: =IF(timeseries!A25<>"",timeseries!A25,"")

Sheet risk
A1: parameter | B1: value
A2: alfa | B2: 0.1
A3: beta | B3: 0

Sheet scenarios
A1: name | B1: propability
A2: s1 | B2: 0.3
A3: s2 | B3: 0.4
A4: s3 | B4: 0.3

Sheet fixed_ts
A1: t
A2: =IF(timeseries!A2<>"",timeseries!A2,"") -> 44671
A3: =IF(timeseries!A3<>"",timeseries!A3,"") -> 44671.042
A4: =IF(timeseries!A4<>"",timeseries!A4,"") -> 44671.083
A5: =IF(timeseries!A5<>"",timeseries!A5,"") -> 44671.125
A6: =IF(timeseries!A6<>"",timeseries!A6,"") -> 44671.167
A7: =IF(timeseries!A7<>"",timeseries!A7,"") -> 44671.208
A8: =IF(timeseries!A8<>"",timeseries!A8,"") -> 44671.25
A9: =IF(timeseries!A9<>"",timeseries!A9,"") -> 44671.292
A10: =IF(timeseries!A10<>"",timeseries!A10,"") -> 44671.333
A11: =IF(timeseries!A11<>"",timeseries!A11,"") -> 44671.375
A12: =IF(timeseries!A12<>"",timeseries!A12,"")
A13: =IF(timeseries!A13<>"",timeseries!A13,"")
... A25: =IF(timeseries!A25<>"",timeseries!A25,"")

Sheet eff_ts
A1: t
A2: =IF(timeseries!A2<>"",timeseries!A2,"") -> 44671
A3: =IF(timeseries!A3<>"",timeseries!A3,"") -> 44671.042
A4: =IF(timeseries!A4<>"",timeseries!A4,"") -> 44671.083
A5: =IF(timeseries!A5<>"",timeseries!A5,"") -> 44671.125
A6: =IF(timeseries!A6<>"",timeseries!A6,"") -> 44671.167
A7: =IF(timeseries!A7<>"",timeseries!A7,"") -> 44671.208
A8: =IF(timeseries!A8<>"",timeseries!A8,"") -> 44671.25
A9: =IF(timeseries!A9<>"",timeseries!A9,"") -> 44671.292
A10: =IF(timeseries!A10<>"",timeseries!A10,"") -> 44671.333
A11: =IF(timeseries!A11<>"",timeseries!A11,"") -> 44671.375
A12: =IF(timeseries!A12<>"",timeseries!A12,"")
A13: =IF(timeseries!A13<>"",timeseries!A13,"")
... A25: =IF(timeseries!A25<>"",timeseries!A25,"")

Sheet cap_ts
A1: t
A2: =IF(timeseries!A2<>"",timeseries!A2,"") -> 44671
A3: =IF(timeseries!A3<>"",timeseries!A3,"") -> 44671.042
A4: =IF(timeseries!A4<>"",timeseries!A4,"") -> 44671.083
A5: =IF(timeseries!A5<>"",timeseries!A5,"") -> 44671.125
A6: =IF(timeseries!A6<>"",timeseries!A6,"") -> 44671.167
A7: =IF(timeseries!A7<>"",timeseries!A7,"") -> 44671.208
A8: =IF(timeseries!A8<>"",timeseries!A8,"") -> 44671.25
A9: =IF(timeseries!A9<>"",timeseries!A9,"") -> 44671.292
A10: =IF(timeseries!A10<>"",timeseries!A10,"") -> 44671.333
A11: =IF(timeseries!A11<>"",timeseries!A11,"") -> 44671.375
A12: =IF(timeseries!A12<>"",timeseries!A12,"")
A13: =IF(timeseries!A13<>"",timeseries!A13,"")
... A25: =IF(timeseries!A25<>"",timeseries!A25,"")

Sheet constraints
A1: name | B1: operator | C1: is_setpoint | D1: penalty
A2: ngchp_c1 | B2: eq | C2: 0 | D2: 0

Sheet gen_constraint
A1: t | B1: ngchp_c1,ngchp,elc,s1 | C1: ngchp_c1,ngchp,heat,s1 | D1: ngchp_c1,s1 | E1: ngchp_c1,ngchp,elc,s2 | F1: ngchp_c1,ngchp,heat,s2 | G1: ngchp_c1,s2 | H1: ngchp_c1,ngchp,elc,s3 | I1: ngchp_c1,ngchp,heat,s3 | J1: ngchp_c1,s3
A2: =IF(timeseries!A2<>"",timeseries!A2,"") -> 44671 | B2: -3 | C2: 1 | D2: 0 | E2: -3 | F2: 1 | G2: 0 | H2: -3 | I2: 1 | J2: 0
A3: =IF(timeseries!A3<>"",timeseries!A3,"") -> 44671.042 | B3: -3 | C3: 1 | D3: 0 | E3: -3 | F3: 1 | G3: 0 | H3: -3 | I3: 1 | J3: 0
A4: =IF(timeseries!A4<>"",timeseries!A4,"") -> 44671.083 | B4: -3 | C4: 1 | D4: 0 | E4: -3 | F4: 1 | G4: 0 | H4: -3 | I4: 1 | J4: 0
A5: =IF(timeseries!A5<>"",timeseries!A5,"") -> 44671.125 | B5: -3 | C5: 1 | D5: 0 | E5: -3 | F5: 1 | G5: 0 | H5: -3 | I5: 1 | J5: 0
A6: =IF(timeseries!A6<>"",timeseries!A6,"") -> 44671.167 | B6: -3 | C6: 1 | D6: 0 | E6: -3 | F6: 1 | G6: 0 | H6: -3 | I6: 1 | J6: 0
A7: =IF(timeseries!A7<>"",timeseries!A7,"") -> 44671.208 | B7: -3 | C7: 1 | D7: 0 | E7: -3 | F7: 1 | G7: 0 | H7: -3 | I7: 1 | J7: 0
A8: =IF(timeseries!A8<>"",timeseries!A8,"") -> 44671.25 | B8: -3 | C8: 1 | D8: 0 | E8: -3 | F8: 1 | G8: 0 | H8: -3 | I8: 1 | J8: 0
A9: =IF(timeseries!A9<>"",timeseries!A9,"") -> 44671.292 | B9: -3 | C9: 1 | D9: 0 | E9: -3 | F9: 1 | G9: 0 | H9: -3 | I9: 1 | J9: 0
A10: =IF(timeseries!A10<>"",timeseries!A10,"") -> 44671.333 | B10: -3 | C10: 1 | D10: 0 | E10: -3 | F10: 1 | G10: 0 | H10: -3 | I10: 1 | J10: 0
A11: =IF(timeseries!A11<>"",timeseries!A11,"") -> 44671.375 | B11: -3 | C11: 1 | D11: 0 | E11: -3 | F11: 1 | G11: 0 | H11: -3 | I11: 1 | J11: 0
A12: =IF(timeseries!A12<>"",timeseries!A12,"")
A13: =IF(timeseries!A13<>"",timeseries!A13,"")
A14: =IF(timeseries!A14<>"",timeseries!A14,"")
A15: =IF(timeseries!A15<>"",timeseries!A15,"")
A16: =IF(timeseries!A16<>"",timeseries!A16,"")
A17: =IF(timeseries!A17<>"",timeseries!A17,"")
A18: =IF(timeseries!A18<>"",timeseries!A18,"")
A19: =IF(timeseries!A19<>"",timeseries!A19,"")
A20: =IF(timeseries!A20<>"",timeseries!A20,"")
A21: =IF(timeseries!A21<>"",timeseries!A21,"")
A22: =IF(timeseries!A22<>"",timeseries!A22,"")
A23: =IF(timeseries!A23<>"",timeseries!A23,"")
... A25: =IF(timeseries!A25<>"",timeseries!A25,"")
