Workbook

Sheet timeseries
A1: t
A2: 44671
A3: 44671.042
A4: 44671.083
A5: 44671.125
A6: 44671.167

Sheet setup
A1: parameter | B1: value
A2: use_market_bids | B2: 1
A3: use_reserves | B3: 1
A4: use_reserve_realisation | B4: 1
A5: use_node_dummy_variables | B5: 1
A6: use_ramp_dummy_variables | B6: 1
A7: node_dummy_variable_cost | B7: 10000
A8: ramp_dummy_variable_cost | B8: 10000
A9: common_start_timesteps | B9: 3
A10: common_end_timesteps | B10: 0
A11: common_scenario_name | B11: ALL

Sheet nodes
A1: node | B1: is_commodity | C1: is_state | D1: is_res | E1: is_market | F1: is_inflow | G1: state_max | H1: state_min | I1: in_max | J1: out_max | K1: initial_state | L1: state_loss_proportional | M1: scenario_independent_state | N1: is_temp | O1: t_e_conversion | P1: residual_value
A2: ng | B2: 1 | C2: 0 | D2: 0 | E2: 0 | F2: 0 | G2: 0 | H2: 0 | I2: 0 | J2: 0 | K2: 0 | L2: 0 | M2: 0 | N2: 0 | O2: 1 | P2: 0
A3: elc | B3: 0 | C3: 0 | D3: 1 | E3: 0 | F3: 0 | G3: 0 | H3: 0 | I3: 0 | J3: 0 | K3: 0 | L3: 0 | M3: 0 | N3: 0 | O3: 1 | P3: 0
A4: dh | B4: 0 | C4: 1 | D4: 0 | E4: 0 | F4: 0 | G4: 10 | H4: 0 | I4: 3 | J4: 3 | K4: 10 | L4: 0.001 | M4: 0 | N4: 0 | O4: 1 | P4: 0
A5: h2 | B5: 0 | C5: 1 | D5: 0 | E5: 0 | F5: 1 | G5: 4 | H5: 0 | I5: 1 | J5: 1 | K5: 0 | L5: 0 | M5: 0 | N5: 0 | O5: 1 | P5: 0
A6: dh2 | B6: 0 | C6: 0 | D6: 0 | E6: 0 | F6: 1 | G6: 0 | H6: 0 | I6: 0 | J6: 0 | K6: 0 | L6: 0 | M6: 0 | N6: 0 | O6: 1 | P6: 0

Sheet processes
A1: process | B1: is_cf | C1: is_cf_fix | D1: is_online | E1: is_res | F1: conversion | G1: eff | H1: load_min | I1: load_max | J1: start_cost | K1: min_online | L1: min_offline | M1: max_online | N1: max_offline | O1: initial_state | P1: scenario_independent_online | Q1: delay
A2: ngchp | B2: 0 | C2: 0 | D2: 1 | E2: 1 | F2: 1 | G2: 0.9 | H2: 0.3 | I2: 1 | J2: 0 | K2: 4 | L2: 3 | M2: 0 | N2: 0 | O2: 1 | P2: 1 | Q2: 0
A3: hp1 | B3: 0 | C3: 0 | D3: 0 | E3: 1 | F3: 1 | G3: 3 | H3: 0 | I3: 1 | J3: 0 | K3: 0 | L3: 0 | M3: 0 | N3: 0 | O3: 0 | P3: 0 | Q3: 0
A4: p2x1 | B4: 0 | C4: 0 | D4: 0 | E4: 1 | F4: 1 | G4: 0.7 | H4: 0 | I4: 1 | J4: 0 | K4: 0 | L4: 0 | M4: 0 | N4: 0 | O4: 0 | P4: 0 | Q4: 0
A5: pv1 | B5: 1 | C5: 1 | D5: 0 | E5: 0 | F5: 1 | G5: 1 | H5: 0 | I5: 1 | J5: 0 | K5: 0 | L5: 0 | M5: 0 | N5: 0 | O5: 0 | P5: 0 | Q5: 0
A6: pv2 | B6: 1 | C6: 0 | D6: 0 | E6: 0 | F6: 1 | G6: 1 | H6: 0 | I6: 1 | J6: 0 | K6: 0 | L6: 0 | M6: 0 | N6: 0 | O6: 0 | P6: 0 | Q6: 0
A7: dh_tra | B7: 0 | C7: 0 | D7: 0 | E7: 0 | F7: 2 | G7: 0.99 | H7: 0 | I7: 1 | J7: 0 | K7: 0 | L7: 0 | M7: 0 | N7: 0 | O7: 0 | P7: 0 | Q7: 0

Sheet groups
A1: group_type | B1: entity | C1: group
A2: process | B2: ngchp | C2: p1
A3: process | B3: hp1 | C3: p1
A4: process | B4: p2x1 | C4: p1
A5: node | B5: elc | C5: elc_res

Sheet efficiencies
A1: process | B1: 1 | C1: =B1+1 -> 2 | D1: =C1+1 -> 3 | E1: =D1+1 -> 4 | F1: =E1+1 -> 5 | G1: =F1+1 -> 6 | H1: =G1+1 -> 7 | I1: =H1+1 -> 8 | J1: =I1+1 -> 9 | K1: =J1+1 -> 10

Sheet process_topology
A1: process | B1: source_sink | C1: node | D1: conversion_coeff | E1: capacity | F1: vom_cost | G1: ramp_up | H1: ramp_down | I1: initial_load | J1: initial_flow
A2: ngchp | B2: source | C2: ng | D2: 1 | E2: 20 | F2: 3 | G2: 0.5 | H2: 0.5 | I2: 0.6 | J2: 0.6
A3: ngchp | B3: sink | C3: dh | D3: 1 | E3: 10 | F3: 0 | G3: 0.5 | H3: 0.5 | I3: 0.6 | J3: 0.6
A4: ngchp | B4: sink | C4: elc | D4: 1 | E4: 8 | F4: 0 | G4: 0.5 | H4: 0.5 | I4: 0.6 | J4: 0.6
A5: hp1 | B5: source | C5: elc | D5: 1 | E5: 5 | F5: 15 | G5: 0.5 | H5: 0.5 | I5: 0.6 | J5: 0.6
A6: hp1 | B6: sink | C6: dh | D6: 1 | E6: 15 | F6: 0.5 | G6: 0.5 | H6: 0.5 | I6: 0.6 | J6: 0.6
A7: p2x1 | B7: source | C7: elc | D7: 1 | E7: 10 | F7: 15 | G7: 1 | H7: 1 | I7: 0.6 | J7: 0.6
A8: p2x1 | B8: sink | C8: h2 | D8: 1 | E8: 7 | F8: 1 | G8: 1 | H8: 1 | I8: 0.6 | J8: 0.6
A9: pv1 | B9: sink | C9: elc | D9: 1 | E9: 5 | F9: 0.5 | G9: 1 | H9: 1 | I9: 0.6 | J9: 0.6
A10: pv2 | B10: sink | C10: elc | D10: 1 | E10: 5 | F10: 0.5 | G10: 1 | H10: 1 | I10: 0.6 | J10: 0.6
A11: dh_tra | B11: source | C11: dh | D11: 1 | E11: 20 | F11: 0 | G11: 1 | H11: 1 | I11: 0.6 | J11: 0.6
A12: dh_tra | B12: sink | C12: dh2 | D12: 1 | E12: 20 | F12: 0 | G12: 1 | H12: 1 | I12: 0.6 | J12: 0.6

Sheet node_history
A1: t
A2: =IF(timeseries!A2<>"",timeseries!A2,"") -> 44671
A3: =IF(timeseries!A3<>"",timeseries!A3,"") -> 44671.042
A4: =IF(timeseries!A4<>"",timeseries!A4,"") -> 44671.083
A5: =IF(timeseries!A5<>"",timeseries!A5,"") -> 44671.125
A6: =IF(timeseries!A6<>"",timeseries!A6,"") -> 44671.167
A7: =IF(timeseries!A7<>"",timeseries!A7,"")
A8: =IF(timeseries!A8<>"",timeseries!A8,"")
A9: =IF(timeseries!A9<>"",timeseries!A9,"")
A10: =IF(timeseries!A10<>"",timeseries!A10,"")
A11: =IF(timeseries!A11<>"",timeseries!A11,"")
A12: =IF(timeseries!A12<>"",timeseries!A12,"")
A13: =IF(timeseries!A13<>"",timeseries!A13,"")
... A25: =IF(timeseries!A25<>"",timeseries!A25,"")

Sheet node_delay
A1: node1 | B1: node2 | C1: delay_t | D1: min_flow | E1: max_flow

Sheet node_diffusion
A1: t
A2: =IF(timeseries!A2<>"",timeseries!A2,"") -> 44671
A3: =IF(timeseries!A3<>"",timeseries!A3,"") -> 44671.042
A4: =IF(timeseries!A4<>"",timeseries!A4,"") -> 44671.083
A5: =IF(timeseries!A5<>"",timeseries!A5,"") -> 44671.125
A6: =IF(timeseries!A6<>"",timeseries!A6,"") -> 44671.167
A7: =IF(timeseries!A7<>"",timeseries!A7,"")
A8: =IF(timeseries!A8<>"",timeseries!A8,"")
A9: =IF(timeseries!A9<>"",timeseries!A9,"")
A10: =IF(timeseries!A10<>"",timeseries!A10,"")
A11: =IF(timeseries!A11<>"",timeseries!A11,"")
A12: =IF(timeseries!A12<>"",timeseries!A12,"")
A13: =IF(timeseries!A13<>"",timeseries!A13,"")
... A25: =IF(timeseries!A25<>"",timeseries!A25,"")

Sheet reserve_type
A1: reserve_type | B1: ramp_factor
A2: fast | B2: 4
A3: slow | B3: 1

Sheet cf
A1: t | B1: pv1,s1,s2,s3 | C1: pv2,s1 | D1: pv2,s2 | E1: pv2,s3
A2: =IF(timeseries!A2<>"",timeseries!A2,"") -> 44671 | B2: 0.3 | C2: 0.2 | D2: =1*C2 -> 0.2 | E2: =1*C2 -> 0.2
A3: =IF(timeseries!A3<>"",timeseries!A3,"") -> 44671.042 | B3: 0.3 | C3: 0.4 | D3: =1*C3 -> 0.4 | E3: =1*C3 -> 0.4
A4: =IF(timeseries!A4<>"",timeseries!A4,"") -> 44671.083 | B4: 0.5 | C4: 0.3 | D4: =1*C4 -> 0.3 | E4: =1*C4 -> 0.3
A5: =IF(timeseries!A5<>"",timeseries!A5,"") -> 44671.125 | B5: 0 | C5: 0 | D5: =1*C5 -> 0 | E5: =1*C5 -> 0
A6: =IF(timeseries!A6<>"",timeseries!A6,"") -> 44671.167 | B6: 0.8 | C6: 0.8 | D6: =1*C6 -> 0.8 | E6: =1*C6 -> 0.8
A7: =IF(timeseries!A7<>"",timeseries!A7,"")
A8: =IF(timeseries!A8<>"",timeseries!A8,"")
A9: =IF(timeseries!A9<>"",timeseries!A9,"")
A10: =IF(timeseries!A10<>"",timeseries!A10,"")
A11: =IF(timeseries!A11<>"",timeseries!A11,"")
A12: =IF(timeseries!A12<>"",timeseries!A12,"")
A13: =IF(timeseries!A13<>"",timeseries!A13,"")
A14: =IF(timeseries!A14<>"",timeseries!A14,"")
A15: =IF(timeseries!A15<>"",timeseries!A15,"")
A16: =IF(timeseries!A16<>"",timeseries!A16,"")
A17: =IF(timeseries!A17<>"",timeseries!A17,"")
A18: =IF(timeseries!A18<>"",timeseries!A18,"")
... A25: =IF(timeseries!A25<>"",timeseries!A25,"")

Sheet inflow
A1: t | B1: dh2,s1 | C1: h2,s1 | D1: dh2,s2 | E1: h2,s2 | F1: dh2,s3 | G1: h2,s3
A2: =IF(timeseries!A2<>"",timeseries!A2,"") -> 44671 | B2: -5 | C2: -5 | D2: =1*B2 -> -5 | E2: =1*C2 -> -5 | F2: =1*B2 -> -5 | G2: =1*C2 -> -5
A3: =IF(timeseries!A3<>"",timeseries!A3,"") -> 44671.042 | B3: -5 | C3: -5 | D3: =1*B3 -> -5 | E3: =1*C3 -> -5 | F3: =1*B3 -> -5 | G3: =1*C3 -> -5
A4: =IF(timeseries!A4<>"",timeseries!A4,"") -> 44671.083 | B4: -4 | C4: -6 | D4: =1*B4 -> -4 | E4: =1*C4 -> -6 | F4: =1*B4 -> -4 | G4: =1*C4 -> -6
A5: =IF(timeseries!A5<>"",timeseries!A5,"") -> 44671.125 | B5: -2 | C5: -3 | D5: =1*B5 -> -2 | E5: =1*C5 -> -3 | F5: =1*B5 -> -2 | G5: =1*C5 -> -3
A6: =IF(timeseries!A6<>"",timeseries!A6,"") -> 44671.167 | B6: -7 | C6: -4 | D6: =1*B6 -> -7 | E6: =1*C6 -> -4 | F6: =1*B6 -> -7 | G6: =1*C6 -> -4
A7: =IF(timeseries!A7<>"",timeseries!A7,"")
A8: =IF(timeseries!A8<>"",timeseries!A8,"")
A9: =IF(timeseries!A9<>"",timeseries!A9,"")
A10: =IF(timeseries!A10<>"",timeseries!A10,"")
A11: =IF(timeseries!A11<>"",timeseries!A11,"")
A12: =IF(timeseries!A12<>"",timeseries!A12,"")
A13: =IF(timeseries!A13<>"",timeseries!A13,"")
A14: =IF(timeseries!A14<>"",timeseries!A14,"")
A15: =IF(timeseries!A15<>"",timeseries!A15,"")
A16: =IF(timeseries!A16<>"",timeseries!A16,"")
A17: =IF(timeseries!A17<>"",timeseries!A17,"")
A18: =IF(timeseries!A18<>"",timeseries!A18,"")
... A25: =IF(timeseries!A25<>"",timeseries!A25,"")

Sheet inflow_blocks
A1: t | B1: b1,dh2 | C1: b1,s1 | D1: b1,s2 | E1: b1,s3 | F1: b2,dh2 | G1: b2,s1 | H1: b2,s2 | I1: b2,s3
A2: 1 | B2: 44671.042 | C2: -2 | D2: -2 | E2: -2 | F2: 44671.125 | G2: -1 | H2: -2 | I2: 1
A3: 2 | B3: 44671.083 | C3: 1 | D3: 1 | E3: 1 | F3: 44671.167 | G3: 1 | H3: 2 | I3: -1
A4: 3 | B4: 44671.125 | C4: 1 | D4: 1 | E4: 1

Sheet flex_inflow
A1: period_name | B1: node | C1: scenario | D1: t_start | E1: t_end | F1: inflow

Sheet price
A1: t | B1: ng, ALL
A2: =IF(timeseries!A2<>"",timeseries!A2,"") -> 44671 | B2: 12
A3: =IF(timeseries!A3<>"",timeseries!A3,"") -> 44671.042 | B3: 12
A4: =IF(timeseries!A4<>"",timeseries!A4,"") -> 44671.083 | B4: 12
A5: =IF(timeseries!A5<>"",timeseries!A5,"") -> 44671.125 | B5: 12
A6: =IF(timeseries!A6<>"",timeseries!A6,"") -> 44671.167 | B6: 12
A7: =IF(timeseries!A7<>"",timeseries!A7,"")
A8: =IF(timeseries!A8<>"",timeseries!A8,"")
A9: =IF(timeseries!A9<>"",timeseries!A9,"")
A10: =IF(timeseries!A10<>"",timeseries!A10,"")
A11: =IF(timeseries!A11<>"",timeseries!A11,"")
A12: =IF(timeseries!A12<>"",timeseries!A12,"")
A13: =IF(timeseries!A13<>"",timeseries!A13,"")
A14: =IF(timeseries!A14<>"",timeseries!A14,"")
A15: =IF(timeseries!A15<>"",timeseries!A15,"")
A16: =IF(timeseries!A16<>"",timeseries!A16,"")
A17: =IF(timeseries!A17<>"",timeseries!A17,"")
A18: =IF(timeseries!A18<>"",timeseries!A18,"")
... A25: =IF(timeseries!A25<>"",timeseries!A25,"")

Sheet markets
A1: market | B1: market_type | C1: node | D1: processgroup | E1: direction | F1: reserve_type | G1: is_bid | H1: is_limited | I1: min_bid | J1: max_bid | K1: fee
A2: npe | B2: energy | C2: elc | D2: p1 | E2: none | F2: none | G2: 1 | H2: 0 | I2: 0 | J2: 0 | K2: 0
A3: fcr_n | B3: reserve | C3: elc_res | D3: p1 | E3: up_down | F3: fast | G3: 1 | H3: 1 | I3: 0.5 | J3: 10 | K3: 50
A4: fcr_up | B4: reserve | C4: elc_res | D4: p1 | E4: res_up | F4: slow | G4: 1 | H4: 0 | I4: 0 | J4: 0 | K4: 0
A5: fcr_dn | B5: reserve | C5: elc_res | D5: p1 | E5: res_down | F5: slow | G5: 1 | H5: 1 | I5: 0.5 | J5: 5 | K5: 50

Sheet reserve_realisation
A1: t | B1: fcr_n,s1 | C1: fcr_n,s2 | D1: fcr_n,s3 | E1: fcr_up,s1 | F1: fcr_up,s2 | G1: fcr_up,s3 | H1: fcr_dn,s1 | I1: fcr_dn,s2 | J1: fcr_dn,s3
A2: =IF(timeseries!A2<>"",timeseries!A2,"") -> 44671 | B2: 0.2 | C2: 0.3 | D2: 0.2 | E2: 0.2 | F2: 0.3 | G2: 0.2 | H2: 0.2 | I2: 0.3 | J2: 0.2
A3: =IF(timeseries!A3<>"",timeseries!A3,"") -> 44671.042 | B3: 0.2 | C3: 0.3 | D3: 0.2 | E3: 0.2 | F3: 0.3 | G3: 0.2 | H3: 0.2 | I3: 0.3 | J3: 0.2
A4: =IF(timeseries!A4<>"",timeseries!A4,"") -> 44671.083 | B4: 0.2 | C4: 0.3 | D4: 0.2 | E4: 0.2 | F4: 0.3 | G4: 0.2 | H4: 0.2 | I4: 0.3 | J4: 0.2
A5: =IF(timeseries!A5<>"",timeseries!A5,"") -> 44671.125 | B5: 0.2 | C5: 0.3 | D5: 0.2 | E5: 0.2 | F5: 0.3 | G5: 0.2 | H5: 0.2 | I5: 0.3 | J5: 0.2
A6: =IF(timeseries!A6<>"",timeseries!A6,"") -> 44671.167 | B6: 0.2 | C6: 0.3 | D6: 0.2 | E6: 0.2 | F6: 0.3 | G6: 0.2 | H6: 0.2 | I6: 0.3 | J6: 0.2
A7: =IF(timeseries!A7<>"",timeseries!A7,"")
A8: =IF(timeseries!A8<>"",timeseries!A8,"")
A9: =IF(timeseries!A9<>"",timeseries!A9,"")
A10: =IF(timeseries!A10<>"",timeseries!A10,"")
A11: =IF(timeseries!A11<>"",timeseries!A11,"")
A12: =IF(timeseries!A12<>"",timeseries!A12,"")
A13: =IF(timeseries!A13<>"",timeseries!A13,"")
A14: =IF(timeseries!A14<>"",timeseries!A14,"")
A15: =IF(timeseries!A15<>"",timeseries!A15,"")
A16: =IF(timeseries!A16<>"",timeseries!A16,"")
A17: =IF(timeseries!A17<>"",timeseries!A17,"")
A18: =IF(timeseries!A18<>"",timeseries!A18,"")
... A25: =IF(timeseries!A25<>"",timeseries!A25,"")

Sheet bid_slots
A1: t
A2: =IF(timeseries!A2<>"",timeseries!A2,"") -> 44671
A3: =IF(timeseries!A3<>"",timeseries!A3,"") -> 44671.042
A4: =IF(timeseries!A4<>"",timeseries!A4,"") -> 44671.083
A5: =IF(timeseries!A5<>"",timeseries!A5,"") -> 44671.125
A6: =IF(timeseries!A6<>"",timeseries!A6,"") -> 44671.167
A7: =IF(timeseries!A7<>"",timeseries!A7,"")
A8: =IF(timeseries!A8<>"",timeseries!A8,"")
A9: =IF(timeseries!A9<>"",timeseries!A9,"")
A10: =IF(timeseries!A10<>"",timeseries!A10,"")
A11: =IF(timeseries!A11<>"",timeseries!A11,"")
A12: =IF(timeseries!A12<>"",timeseries!A12,"")
A13: =IF(timeseries!A13<>"",timeseries!A13,"")
... A25: =IF(timeseries!A25<>"",timeseries!A25,"")

Sheet market_prices
A1: t | B1: npe,s1 | C1: fcr_n,s1 | D1: fcr_up,s1 | E1: fcr_dn,s1 | F1: npe,s2 | G1: fcr_n,s2 | H1: fcr_up,s2 | I1: fcr_dn,s2 | J1: npe,s3 | K1: fcr_n,s3 | L1: fcr_up,s3 | M1: fcr_dn,s3
A2: =IF(timeseries!A2<>"",timeseries!A2,"") -> 44671 | B2: 48 | C2: 5 | D2: 4 | E2: 12 | F2: =B2 -> 48 | G2: =C2 -> 5 | H2: =D2 -> 4 | I2: =E2 -> 12 | J2: =F2 -> 48 | K2: =G2 -> 5 | L2: =H2 -> 4 | M2: =I2 -> 12
A3: =IF(timeseries!A3<>"",timeseries!A3,"") -> 44671.042 | B3: 60 | C3: 34 | D3: 56 | E3: 71 | F3: =B3 -> 60 | G3: =C3 -> 34 | H3: =D3 -> 56 | I3: =E3 -> 71 | J3: =F3 -> 60 | K3: =G3 -> 34 | L3: =H3 -> 56 | M3: =I3 -> 71
A4: =IF(timeseries!A4<>"",timeseries!A4,"") -> 44671.083 | B4: 58 | C4: 92 | D4: 44 | E4: 42 | F4: =B4 -> 58 | G4: =C4 -> 92 | H4: =D4 -> 44 | I4: =E4 -> 42 | J4: =F4 -> 58 | K4: =G4 -> 92 | L4: =H4 -> 44 | M4: =I4 -> 42
A5: =IF(timeseries!A5<>"",timeseries!A5,"") -> 44671.125 | B5: 51 | C5: 66 | D5: 86 | E5: 39 | F5: 76.5 | G5: 79.2 | H5: 103.2 | I5: 46.8 | J5: 25.5 | K5: 0 | L5: 0 | M5: 0
A6: =IF(timeseries!A6<>"",timeseries!A6,"") -> 44671.167 | B6: 37 | C6: 64 | D6: 10 | E6: 78 | F6: 55.5 | G6: 76.8 | H6: 12 | I6: 93.6 | J6: 18.5 | K6: 0 | L6: 0 | M6: 0
A7: =IF(timeseries!A7<>"",timeseries!A7,"")
A8: =IF(timeseries!A8<>"",timeseries!A8,"")
A9: =IF(timeseries!A9<>"",timeseries!A9,"")
A10: =IF(timeseries!A10<>"",timeseries!A10,"")
A11: =IF(timeseries!A11<>"",timeseries!A11,"")
A12: =IF(timeseries!A12<>"",timeseries!A12,"")
A13: =IF(timeseries!A13<>"",timeseries!A13,"")
A14: =IF(timeseries!A14<>"",timeseries!A14,"")
A15: =IF(timeseries!A15<>"",timeseries!A15,"")
A16: =IF(timeseries!A16<>"",timeseries!A16,"")
A17: =IF(timeseries!A17<>"",timeseries!A17,"")
A18: =IF(timeseries!A18<>"",timeseries!A18,"")
... A25: =IF(timeseries!A25<>"",timeseries!A25,"")

Sheet balance_prices
A1: t | B1: npe,up,s1 | C1: npe,up,s2 | D1: npe,up,s3 | E1: npe,dw,s1 | F1: npe,dw,s2 | G1: npe,dw,s3
A2: =IF(timeseries!A2<>"",timeseries!A2,"") -> 44671 | B2: =1.1*market_prices!B2 -> 52.8 | C2: =1.1*market_prices!F2 -> 52.8 | D2: =1.1*market_prices!J2 -> 52.8 | E2: =0.9*market_prices!B2 -> 43.2 | F2: =0.9*market_prices!F2 -> 43.2 | G2: =0.9*market_prices!J2 -> 43.2
A3: =IF(timeseries!A3<>"",timeseries!A3,"") -> 44671.042 | B3: =1.1*market_prices!B3 -> 66 | C3: =1.1*market_prices!F3 -> 66 | D3: =1.1*market_prices!J3 -> 66 | E3: =0.9*market_prices!B3 -> 54 | F3: =0.9*market_prices!F3 -> 54 | G3: =0.9*market_prices!J3 -> 54
A4: =IF(timeseries!A4<>"",timeseries!A4,"") -> 44671.083 | B4: =1.1*market_prices!B4 -> 63.8 | C4: =1.1*market_prices!F4 -> 63.8 | D4: =1.1*market_prices!J4 -> 63.8 | E4: =0.9*market_prices!B4 -> 52.2 | F4: =0.9*market_prices!F4 -> 52.2 | G4: =0.9*market_prices!J4 -> 52.2
A5: =IF(timeseries!A5<>"",timeseries!A5,"") -> 44671.125 | B5: =1.1*market_prices!B5 -> 56.1 | C5: =1.1*market_prices!F5 -> 84.15 | D5: =1.1*market_prices!J5 -> 28.05 | E5: =0.9*market_prices!B5 -> 45.9 | F5: =0.9*market_prices!F5 -> 68.85 | G5: =0.9*market_prices!J5 -> 22.95
A6: =IF(timeseries!A6<>"",timeseries!A6,"") -> 44671.167 | B6: =1.1*market_prices!B6 -> 40.7 | C6: =1.1*market_prices!F6 -> 61.05 | D6: =1.1*market_prices!J6 -> 20.35 | E6: =0.9*market_prices!B6 -> 33.3 | F6: =0.9*market_prices!F6 -> 49.95 | G6: =0.9*market_prices!J6 -> 16.65
A7: =IF(timeseries!A7<>"",timeseries!A7,"")
A8: =IF(timeseries!A8<>"",timeseries!A8,"")
A9: =IF(timeseries!A9<>"",timeseries!A9,"")
A10: =IF(timeseries!A10<>"",timeseries!A10,"")
A11: =IF(timeseries!A11<>"",timeseries!A11,"")
A12: =IF(timeseries!A12<>"",timeseries!A12,"")
A13: =IF(timeseries!A13<>"",timeseries!A13,"")
A14: =IF(timeseries!A14<>"",timeseries!A14,"")
A15: =IF(timeseries!A15<>"",timeseries!A15,"")
A16: =IF(timeseries!A16<>"",timeseries!A16,"")
A17: =IF(timeseries!A17<>"",timeseries!A17,"")
A18: =IF(timeseries!A18<>"",timeseries!A18,"")
... A25: =IF(timeseries!A25<>"",timeseries!A25,"")

Sheet reserve_activation_price
A1: t | B1: fcr_n,s1 | C1: fcr_n,s2 | D1: fcr_n,s3 | E1: fcr_up,s1 | F1: fcr_up,s2 | G1: fcr_up,s3 | H1: fcr_dn,s1 | I1: fcr_dn,s2 | J1: fcr_dn,s3
A2: =IF(timeseries!A2<>"",timeseries!A2,"") -> 44671 | B2: 0.2 | C2: 0.3 | D2: 0.2 | E2: 0.2 | F2: 0.3 | G2: 0.2 | H2: 0.2 | I2: 0.3 | J2: 0.2
A3: =IF(timeseries!A3<>"",timeseries!A3,"") -> 44671.042 | B3: 0.2 | C3: 0.3 | D3: 0.2 | E3: 0.2 | F3: 0.3 | G3: 0.2 | H3: 0.2 | I3: 0.3 | J3: 0.2
A4: =IF(timeseries!A4<>"",timeseries!A4,"") -> 44671.083 | B4: 0.2 | C4: 0.3 | D4: 0.2 | E4: 0.2 | F4: 0.3 | G4: 0.2 | H4: 0.2 | I4: 0.3 | J4: 0.2
A5: =IF(timeseries!A5<>"",timeseries!A5,"") -> 44671.125 | B5: 0.2 | C5: 0.3 | D5: 0.2 | E5: 0.2 | F5: 0.3 | G5: 0.2 | H5: 0.2 | I5: 0.3 | J5: 0.2
A6: =IF(timeseries!A6<>"",timeseries!A6,"") -> 44671.167 | B6: 0.2 | C6: 0.3 | D6: 0.2 | E6: 0.2 | F6: 0.3 | G6: 0.2 | H6: 0.2 | I6: 0.3 | J6: 0.2
A7: =IF(timeseries!A7<>"",timeseries!A7,"")
A8: =IF(timeseries!A8<>"",timeseries!A8,"")
A9: =IF(timeseries!A9<>"",timeseries!A9,"")
A10: =IF(timeseries!A10<>"",timeseries!A10,"")
A11: =IF(timeseries!A11<>"",timeseries!A11,"")
A12: =IF(timeseries!A12<>"",timeseries!A12,"")
A13: =IF(timeseries!A13<>"",timeseries!A13,"")
A14: =IF(timeseries!A14<>"",timeseries!A14,"")
A15: =IF(timeseries!A15<>"",timeseries!A15,"")
A16: =IF(timeseries!A16<>"",timeseries!A16,"")
A17: =IF(timeseries!A17<>"",timeseries!A17,"")
A18: =IF(timeseries!A18<>"",timeseries!A18,"")
... A25: =IF(timeseries!A25<>"",timeseries!A25,"")

Sheet risk
A1: parameter | B1: value
A2: alfa | B2: 0.1
A3: beta | B3: 0.2

Sheet scenarios
A1: name | B1: propability
A2: s1 | B2: 0.3
A3: s2 | B3: 0.5
A4: s3 | B4: 0.2

Sheet fixed_ts
A1: t
A2: =IF(timeseries!A2<>"",timeseries!A2,"") -> 44671
A3: =IF(timeseries!A3<>"",timeseries!A3,"") -> 44671.042
A4: =IF(timeseries!A4<>"",timeseries!A4,"") -> 44671.083
A5: =IF(timeseries!A5<>"",timeseries!A5,"") -> 44671.125
A6: =IF(timeseries!A6<>"",timeseries!A6,"") -> 44671.167
A7: =IF(timeseries!A7<>"",timeseries!A7,"")
A8: =IF(timeseries!A8<>"",timeseries!A8,"")
A9: =IF(timeseries!A9<>"",timeseries!A9,"")
A10: =IF(timeseries!A10<>"",timeseries!A10,"")
A11: =IF(timeseries!A11<>"",timeseries!A11,"")
A12: =IF(timeseries!A12<>"",timeseries!A12,"")
A13: =IF(timeseries!A13<>"",timeseries!A13,"")
... A25: =IF(timeseries!A25<>"",timeseries!A25,"")

Sheet eff_ts
A1: t | B1: hp1,s1 | C1: hp1,s2 | D1: hp1,s3
A2: =IF(timeseries!A2<>"",timeseries!A2,"") -> 44671 | B2: 3 | C2: 3 | D2: 3
A3: =IF(timeseries!A3<>"",timeseries!A3,"") -> 44671.042 | B3: 3.5 | C3: 3.5 | D3: 3.5
A4: =IF(timeseries!A4<>"",timeseries!A4,"") -> 44671.083 | B4: 3.5 | C4: 3.5 | D4: 3.5
A5: =IF(timeseries!A5<>"",timeseries!A5,"") -> 44671.125 | B5: 3.4 | C5: 3.4 | D5: 3.4
A6: =IF(timeseries!A6<>"",timeseries!A6,"") -> 44671.167 | B6: 3.3 | C6: 3.3 | D6: 3.3
A7: =IF(timeseries!A7<>"",timeseries!A7,"")
A8: =IF(timeseries!A8<>"",timeseries!A8,"")
A9: =IF(timeseries!A9<>"",timeseries!A9,"")
A10: =IF(timeseries!A10<>"",timeseries!A10,"")
A11: =IF(timeseries!A11<>"",timeseries!A11,"")
A12: =IF(timeseries!A12<>"",timeseries!A12,"")
A13: =IF(timeseries!A13<>"",timeseries!A13,"")
A14: =IF(timeseries!A14<>"",timeseries!A14,"")
A15: =IF(timeseries!A15<>"",timeseries!A15,"")
A16: =IF(timeseries!A16<>"",timeseries!A16,"")
A17: =IF(timeseries!A17<>"",timeseries!A17,"")
A18: =IF(timeseries!A18<>"",timeseries!A18,"")
... A25: =IF(timeseries!A25<>"",timeseries!A25,"")

Sheet constraints
A1: name | B1: operator | C1: is_setpoint | D1: penalty
A2: c1 | B2: eq | C2: 0 | D2: 0

Sheet gen_constraint
A1: t | B1: c1,ngchp,elc,s1 | C1: c1,ngchp,elc,s2 | D1: c1,ngchp,elc,s3 | E1: c1,ngchp,dh,s1 | F1: c1,ngchp,dh,s2 | G1: c1,ngchp,dh,s3 | H1: c1,s1 | I1: c1,s2 | J1: c1,s3
A2: =IF(timeseries!A2<>"",timeseries!A2,"") -> 44671 | B2: 1 | C2: 1 | D2: 1 | E2: -0.8 | F2: -0.8 | G2: -0.8 | H2: 0 | I2: 0 | J2: 0
A3: =IF(timeseries!A3<>"",timeseries!A3,"") -> 44671.042 | B3: 1 | C3: 1 | D3: 1 | E3: -0.8 | F3: -0.8 | G3: -0.8 | H3: 0 | I3: 0 | J3: 0
A4: =IF(timeseries!A4<>"",timeseries!A4,"") -> 44671.083 | B4: 1 | C4: 1 | D4: 1 | E4: -0.8 | F4: -0.8 | G4: -0.8 | H4: 0 | I4: 0 | J4: 0
A5: =IF(timeseries!A5<>"",timeseries!A5,"") -> 44671.125 | B5: 1 | C5: 1 | D5: 1 | E5: -0.8 | F5: -0.8 | G5: -0.8 | H5: 0 | I5: 0 | J5: 0
A6: =IF(timeseries!A6<>"",timeseries!A6,"") -> 44671.167 | B6: 1 | C6: 1 | D6: 1 | E6: -0.8 | F6: -0.8 | G6: -0.8 | H6: 0 | I6: 0 | J6: 0
A7: =IF(timeseries!A7<>"",timeseries!A7,"")
A8: =IF(timeseries!A8<>"",timeseries!A8,"")
A9: =IF(timeseries!A9<>"",timeseries!A9,"")
A10: =IF(timeseries!A10<>"",timeseries!A10,"")
A11: =IF(timeseries!A11<>"",timeseries!A11,"")
A12: =IF(timeseries!A12<>"",timeseries!A12,"")
A13: =IF(timeseries!A13<>"",timeseries!A13,"")
A14: =IF(timeseries!A14<>"",timeseries!A14,"")
A15: =IF(timeseries!A15<>"",timeseries!A15,"")
A16: =IF(timeseries!A16<>"",timeseries!A16,"")
A17: =IF(timeseries!A17<>"",timeseries!A17,"")
A18: =IF(timeseries!A18<>"",timeseries!A18,"")
... A25: =IF(timeseries!A25<>"",timeseries!A25,"")

Sheet cap_ts
A1: t | B1: hp1,elc,s1 | C1: hp1,elc,s2 | D1: hp1,elc,s3
A2: =IF(timeseries!A2<>"",timeseries!A2,"") -> 44671 | B2: 5 | C2: 5 | D2: 5
A3: =IF(timeseries!A3<>"",timeseries!A3,"") -> 44671.042 | B3: 4.2857143 | C3: 4.2857143 | D3: 4.2857143
A4: =IF(timeseries!A4<>"",timeseries!A4,"") -> 44671.083 | B4: 4.2857143 | C4: 4.2857143 | D4: 4.2857143
A5: =IF(timeseries!A5<>"",timeseries!A5,"") -> 44671.125 | B5: 4.4117647 | C5: 4.4117647 | D5: 4.4117647
A6: =IF(timeseries!A6<>"",timeseries!A6,"") -> 44671.167 | B6: 4.5454545 | C6: 4.5454545 | D6: 4.5454545
A7: =IF(timeseries!A7<>"",timeseries!A7,"")
A8: =IF(timeseries!A8<>"",timeseries!A8,"")
A9: =IF(timeseries!A9<>"",timeseries!A9,"")
A10: =IF(timeseries!A10<>"",timeseries!A10,"")
A11: =IF(timeseries!A11<>"",timeseries!A11,"")
A12: =IF(timeseries!A12<>"",timeseries!A12,"")
A13: =IF(timeseries!A13<>"",timeseries!A13,"")
A14: =IF(timeseries!A14<>"",timeseries!A14,"")
A15: =IF(timeseries!A15<>"",timeseries!A15,"")
A16: =IF(timeseries!A16<>"",timeseries!A16,"")
A17: =IF(timeseries!A17<>"",timeseries!A17,"")
A18: =IF(timeseries!A18<>"",timeseries!A18,"")
... A25: =IF(timeseries!A25<>"",timeseries!A25,"")
