Workbook

Sheet timeseries
A1: t
A2: 44671
A3: 44671.042
A4: 44671.083
A5: 44671.125
A6: 44671.167

Sheet setup
A1: parameter | B1: value
A2: use_market_bids | B2: 1
A3: use_reserves | B3: 1
A4: use_reserve_realisation | B4: 1
A5: use_node_dummy_variables | B5: 1
A6: use_ramp_dummy_variables | B6: 1
A7: node_dummy_variable_cost | B7: 10000
A8: ramp_dummy_variable_cost | B8: 10000
A9: common_start_timesteps | B9: 2
A10: common_end_timesteps | B10: 2
A11: common_scenario_name | B11: s_all

Sheet nodes
A1: node | B1: is_commodity | C1: is_state | D1: is_res | E1: is_market | F1: is_inflow | G1: state_max | H1: state_min | I1: in_max | J1: out_max | K1: initial_state | L1: state_loss_proportional | M1: scenario_independent_state | N1: is_temp | O1: t_e_conversion | P1: residual_value
A2: ng | B2: 1 | C2: 0 | D2: 0 | E2: 0 | F2: 0 | G2: 0 | H2: 0 | I2: 0 | J2: 0 | K2: 0 | L2: 0 | M2: 0 | N2: 0 | O2: 1 | P2: 0
A3: elc | B3: 0 | C3: 0 | D3: 1 | E3: 0 | F3: 0 | G3: 0 | H3: 0 | I3: 0 | J3: 0 | K3: 0 | L3: 0 | M3: 0 | N3: 0 | O3: 1 | P3: 0
A4: dh | B4: 0 | C4: 0 | D4: 0 | E4: 0 | F4: 0 | G4: 0 | H4: 0 | I4: 0 | J4: 0 | K4: 0 | L4: 0 | M4: 0 | N4: 0 | O4: 1 | P4: 0
A5: h2 | B5: 0 | C5: 1 | D5: 0 | E5: 0 | F5: 1 | G5: 4 | H5: 0 | I5: 1 | J5: 1 | K5: 0 | L5: 0 | M5: 0 | N5: 0 | O5: 1 | P5: 0
A6: dh2 | B6: 0 | C6: 0 | D6: 0 | E6: 0 | F6: 1 | G6: 0 | H6: 0 | I6: 0 | J6: 0 | K6: 0 | L6: 0 | M6: 0 | N6: 0 | O6: 1 | P6: 0
A7: dh_sto | B7: 0 | C7: 1 | D7: 0 | E7: 0 | F7: 0 | G7: 393.15 | H7: 330.15 | I7: 20 | J7: 20 | K7: 373.15 | L7: 0 | M7: 0 | N7: 1 | O7: =1.16388888888889/5 -> 0.23277778 | P7: 20
A8: ambience | B8: 0 | C8: 1 | D8: 0 | E8: 0 | F8: 1 | G8: 300.15 | H8: 253.15 | I8: 100000000 | J8: 100000000 | K8: 273.15 | L8: 0 | M8: 0 | N8: 1 | O8: 10000000 | P8: 0
A9: delay_source | B9: 0 | C9: 0 | D9: 0 | E9: 0 | F9: 1 | G9: 0 | H9: 0 | I9: 0 | J9: 0 | K9: 0 | L9: 0 | M9: 0 | N9: 0 | O9: 1 | P9: 0
A10: dh_source | B10: 0 | C10: 1 | D10: 0 | E10: 0 | F10: 0 | G10: 1000 | H10: 0 | I10: 1000 | J10: 1000 | K10: 0 | L10: 0.9 | M10: 0 | N10: 0 | O10: 1 | P10: 0

Sheet processes
A1: process | B1: is_cf | C1: is_cf_fix | D1: is_online | E1: is_res | F1: conversion | G1: eff | H1: load_min | I1: load_max | J1: start_cost | K1: min_online | L1: min_offline | M1: max_online | N1: max_offline | O1: initial_state | P1: scenario_independent_online | Q1: delay
A2: ngchp | B2: 0 | C2: 0 | D2: 1 | E2: 1 | F2: 1 | G2: 0.9 | H2: 0.3 | I2: 1 | J2: 0 | K2: 4 | L2: 3 | M2: 0 | N2: 0 | O2: 1 | P2: 1 | Q2: 0
A3: hp1 | B3: 0 | C3: 0 | D3: 0 | E3: 1 | F3: 1 | G3: 3 | H3: 0 | I3: 1 | J3: 0 | K3: 0 | L3: 0 | M3: 0 | N3: 0 | O3: 0 | P3: 0 | Q3: 0
A4: p2x1 | B4: 0 | C4: 0 | D4: 0 | E4: 1 | F4: 1 | G4: 0.7 | H4: 0 | I4: 1 | J4: 0 | K4: 0 | L4: 0 | M4: 0 | N4: 0 | O4: 0 | P4: 0 | Q4: 0
A5: pv1 | B5: 1 | C5: 1 | D5: 0 | E5: 0 | F5: 1 | G5: 1 | H5: 0 | I5: 1 | J5: 0 | K5: 0 | L5: 0 | M5: 0 | N5: 0 | O5: 0 | P5: 0 | Q5: 0
A6: dh_tra | B6: 0 | C6: 0 | D6: 0 | E6: 0 | F6: 2 | G6: 0.99 | H6: 0 | I6: 1 | J6: 0 | K6: 0 | L6: 0 | M6: 0 | N6: 0 | O6: 0 | P6: 0 | Q6: 0
A7: dh_sto_charge | B7: 0 | C7: 0 | D7: 0 | E7: 0 | F7: 1 | G7: 0.99 | H7: 0 | I7: 1 | J7: 0 | K7: 0 | L7: 0 | M7: 0 | N7: 0 | O7: 0 | P7: 0 | Q7: 0
A8: dh_sto_discharge | B8: 0 | C8: 0 | D8: 0 | E8: 0 | F8: 1 | G8: 0.99 | H8: 0 | I8: 1 | J8: 0 | K8: 0 | L8: 0 | M8: 0 | N8: 0 | O8: 0 | P8: 0 | Q8: 0
A9: dh_source_out | B9: 0 | C9: 0 | D9: 0 | E9: 0 | F9: 2 | G9: 1 | H9: 0 | I9: 1 | J9: 0 | K9: 0 | L9: 0 | M9: 0 | N9: 0 | O9: 0 | P9: 0 | Q9: 0

Sheet groups
A1: group_type | B1: entity | C1: group
A2: process | B2: ngchp | C2: p1
A3: process | B3: hp1 | C3: p1
A4: process | B4: p2x1 | C4: p1
A5: node | B5: elc | C5: elc_res

Sheet efficiencies
A1: process | B1: 1 | C1: =B1+1 -> 2 | D1: =C1+1 -> 3 | E1: =D1+1 -> 4 | F1: =E1+1 -> 5 | G1: =F1+1 -> 6 | H1: =G1+1 -> 7 | I1: =H1+1 -> 8 | J1: =I1+1 -> 9 | K1: =J1+1 -> 10
A2: ngchp,op | B2: 0.4 | C2: 0.6 | D2: 0.8 | E2: 0.9 | F2: 1
A3: ngchp,eff | B3: 0.8 | C3: 0.78 | D3: 0.75 | E3: 0.7 | F3: 0.65

Sheet process_topology
A1: process | B1: source_sink | C1: node | D1: conversion_coeff | E1: capacity | F1: vom_cost | G1: ramp_up | H1: ramp_down | I1: initial_load | J1: initial_flow
A2: ngchp | B2: source | C2: ng | D2: 1 | E2: 20 | F2: 3 | G2: 0.5 | H2: 0.5 | I2: 0.6 | J2: 0.6
A3: ngchp | B3: sink | C3: dh | D3: 1 | E3: 10 | F3: 0 | G3: 0.5 | H3: 0.5 | I3: 0.6 | J3: 0.6
A4: ngchp | B4: sink | C4: elc | D4: 1 | E4: 8 | F4: 0 | G4: 0.5 | H4: 0.5 | I4: 0.6 | J4: 0.6
A5: hp1 | B5: source | C5: elc | D5: 1 | E5: 5 | F5: 15 | G5: 0.5 | H5: 0.5 | I5: 0.6 | J5: 0.6
A6: hp1 | B6: sink | C6: dh | D6: 1 | E6: 15 | F6: 0.5 | G6: 0.5 | H6: 0.5 | I6: 0.6 | J6: 0.6
A7: p2x1 | B7: source | C7: elc | D7: 1 | E7: 10 | F7: 15 | G7: 1 | H7: 1 | I7: 0.6 | J7: 0.6
A8: p2x1 | B8: sink | C8: h2 | D8: 1 | E8: 7 | F8: 1 | G8: 1 | H8: 1 | I8: 0.6 | J8: 0.6
A9: pv1 | B9: sink | C9: elc | D9: 1 | E9: 5 | F9: 0.5 | G9: 1 | H9: 1 | I9: 0.6 | J9: 0.6
A10: dh_tra | B10: source | C10: dh | D10: 1 | E10: 20 | F10: 0 | G10: 1 | H10: 1 | I10: 0.6 | J10: 0.6
A11: dh_tra | B11: sink | C11: dh2 | D11: 1 | E11: 20 | F11: 0 | G11: 1 | H11: 1 | I11: 0.6 | J11: 0.6
A12: dh_sto_charge | B12: source | C12: dh | D12: 1 | E12: 20 | F12: 0 | G12: 1 | H12: 1 | I12: 0.6 | J12: 0.6
A13: dh_sto_charge | B13: sink | C13: dh_sto | D13: 1 | E13: 20 | F13: 0 | G13: 1 | H13: 1 | I13: 0.6 | J13: 0.6
... A17: dh_source_out | B17: sink | C17: dh | D17: 1 | E17: 1000 | F17: 0 | G17: 1 | H17: 1 | I17: 0.6 | J17: 0.6

Sheet node_history
A1: t | B1: dh_source,t,s1 | C1: dh_source,s1 | D1: dh_source,t,s2 | E1: dh_source,s2 | F1: dh_source,t,s3 | G1: dh_source,s3
A2: 1 | B2: 44671 | C2: 1 | D2: 44671 | E2: 1 | F2: 44671 | G2: 1
A3: 2 | B3: 44671.042 | C3: 1 | D3: 44671.042 | E3: 1 | F3: 44671.042 | G3: 1
A4: 3
A5: 4
A6: 5
A7: 6
A8: 7
A9: 8
A10: 9
A11: 10
A12: 11
A13: 12
A14: 13
A15: 14
... A25: 24

Sheet node_delay
A1: node1 | B1: node2 | C1: delay_t | D1: min_flow | E1: max_flow
A2: delay_source | B2: dh_source | C2: 2 | D2: 0 | E2: 1000

Sheet node_diffusion
A1: t | B1: dh_sto,ambience,s1 | C1: dh_sto,ambience,s2 | D1: dh_sto,ambience,s3
A2: =IF(timeseries!A2<>"",timeseries!A2,"") -> 44671 | B2: 0.02 | C2: 0.02 | D2: 0.02
A3: =IF(timeseries!A3<>"",timeseries!A3,"") -> 44671.042 | B3: 0.02 | C3: 0.02 | D3: 0.02
A4: =IF(timeseries!A4<>"",timeseries!A4,"") -> 44671.083 | B4: 0.02 | C4: 0.02 | D4: 0.02
A5: =IF(timeseries!A5<>"",timeseries!A5,"") -> 44671.125 | B5: 0.02 | C5: 0.02 | D5: 0.02
A6: =IF(timeseries!A6<>"",timeseries!A6,"") -> 44671.167 | B6: 0.02 | C6: 0.02 | D6: 0.02
A7: =IF(timeseries!A7<>"",timeseries!A7,"")
A8: =IF(timeseries!A8<>"",timeseries!A8,"")
A9: =IF(timeseries!A9<>"",timeseries!A9,"")
A10: =IF(timeseries!A10<>"",timeseries!A10,"")
A11: =IF(timeseries!A11<>"",timeseries!A11,"")
A12: =IF(timeseries!A12<>"",timeseries!A12,"")
A13: =IF(timeseries!A13<>"",timeseries!A13,"")
A14: =IF(timeseries!A14<>"",timeseries!A14,"")
A15: =IF(timeseries!A15<>"",timeseries!A15,"")
A16: =IF(timeseries!A16<>"",timeseries!A16,"")
A17: =IF(timeseries!A17<>"",timeseries!A17,"")
A18: =IF(timeseries!A18<>"",timeseries!A18,"")
... A25: =IF(timeseries!A25<>"",timeseries!A25,"")

Sheet reserve_type
A1: reserve_type | B1: ramp_factor
A2: slow | B2: 1

Sheet cf
A1: t | B1: pv1,s1,s2,s3
A2: =IF(timeseries!A2<>"",timeseries!A2,"") -> 44671 | B2: 0
A3: =IF(timeseries!A3<>"",timeseries!A3,"") -> 44671.042 | B3: 0.4
A4: =IF(timeseries!A4<>"",timeseries!A4,"") -> 44671.083 | B4: 0.5
A5: =IF(timeseries!A5<>"",timeseries!A5,"") -> 44671.125 | B5: 0.3
A6: =IF(timeseries!A6<>"",timeseries!A6,"") -> 44671.167 | B6: 0.4
A7: =IF(timeseries!A7<>"",timeseries!A7,"")
A8: =IF(timeseries!A8<>"",timeseries!A8,"")
A9: =IF(timeseries!A9<>"",timeseries!A9,"")
A10: =IF(timeseries!A10<>"",timeseries!A10,"")
A11: =IF(timeseries!A11<>"",timeseries!A11,"")
A12: =IF(timeseries!A12<>"",timeseries!A12,"")
A13: =IF(timeseries!A13<>"",timeseries!A13,"")
A14: =IF(timeseries!A14<>"",timeseries!A14,"")
A15: =IF(timeseries!A15<>"",timeseries!A15,"")
A16: =IF(timeseries!A16<>"",timeseries!A16,"")
A17: =IF(timeseries!A17<>"",timeseries!A17,"")
A18: =IF(timeseries!A18<>"",timeseries!A18,"")
... A25: =IF(timeseries!A25<>"",timeseries!A25,"")

Sheet inflow
A1: t | B1: dh2,s1 | C1: h2,s1 | D1: dh2,s2 | E1: h2,s2 | F1: dh2,s3 | G1: h2,s3 | H1: ambience,s1 | I1: ambience,s2 | J1: ambience,s3 | K1: delay_source,s1 | L1: delay_source,s2 | M1: delay_source,s3
A2: =IF(timeseries!A2<>"",timeseries!A2,"") -> 44671 | B2: -5 | C2: -5 | D2: -5 | E2: =1*C2 -> -5 | F2: -5 | G2: -5 | H2: -1 | I2: -1 | J2: -1 | K2: 1 | L2: 1 | M2: 1
A3: =IF(timeseries!A3<>"",timeseries!A3,"") -> 44671.042 | B3: -5 | C3: -5 | D3: =1*B3 -> -5 | E3: =1*C3 -> -5 | F3: -5 | G3: -5 | H3: 0 | I3: 0 | J3: 0 | K3: 1 | L3: 1 | M3: 1
A4: =IF(timeseries!A4<>"",timeseries!A4,"") -> 44671.083 | B4: -4 | C4: -6 | D4: =1*B4 -> -4 | E4: =1*C4 -> -6 | F4: -4 | G4: -6 | H4: -2 | I4: -2 | J4: -2 | K4: 2 | L4: 2 | M4: 2
A5: =IF(timeseries!A5<>"",timeseries!A5,"") -> 44671.125 | B5: -3 | C5: -8 | D5: =B5 -> -3 | E5: =C5 -> -8 | F5: =D5 -> -3 | G5: =E5 -> -8 | H5: -1 | I5: =H5 -> -1 | J5: =I5 -> -1 | K5: 1 | L5: =K5 -> 1 | M5: =L5 -> 1
A6: =IF(timeseries!A6<>"",timeseries!A6,"") -> 44671.167 | B6: -3 | C6: -6 | D6: =B6 -> -3 | E6: =C6 -> -6 | F6: =D6 -> -3 | G6: =E6 -> -6 | H6: 0 | I6: =H6 -> 0 | J6: =I6 -> 0 | K6: 2 | L6: =K6 -> 2 | M6: =L6 -> 2
A7: =IF(timeseries!A7<>"",timeseries!A7,"")
A8: =IF(timeseries!A8<>"",timeseries!A8,"")
A9: =IF(timeseries!A9<>"",timeseries!A9,"")
A10: =IF(timeseries!A10<>"",timeseries!A10,"")
A11: =IF(timeseries!A11<>"",timeseries!A11,"")
A12: =IF(timeseries!A12<>"",timeseries!A12,"")
A13: =IF(timeseries!A13<>"",timeseries!A13,"")
A14: =IF(timeseries!A14<>"",timeseries!A14,"")
A15: =IF(timeseries!A15<>"",timeseries!A15,"")
A16: =IF(timeseries!A16<>"",timeseries!A16,"")
A17: =IF(timeseries!A17<>"",timeseries!A17,"")
A18: =IF(timeseries!A18<>"",timeseries!A18,"")
... A25: =IF(timeseries!A25<>"",timeseries!A25,"")

Sheet inflow_blocks
A1: t | B1: b1,dh_sto | C1: b1,s1 | D1: b1,s2 | E1: b1,s3
A2: 1 | B2: 44671 | C2: -2 | D2: -3 | E2: -4
A3: 2 | B3: 44671.042 | C3: 1 | D3: 2 | E3: 3
A4: 3 | B4: 44671.083 | C4: 2 | D4: 2 | E4: 2
A5: 4
A6: 5
A7: 6
A8: 7
A9: 8
A10: 9
A11: 10

Sheet flex_inflow
A1: period_name | B1: node | C1: scenario | D1: t_start | E1: t_end | F1: inflow

Sheet price
A1: t | B1: ng, ALL
A2: =IF(timeseries!A2<>"",timeseries!A2,"") -> 44671 | B2: 12
A3: =IF(timeseries!A3<>"",timeseries!A3,"") -> 44671.042 | B3: 12
A4: =IF(timeseries!A4<>"",timeseries!A4,"") -> 44671.083 | B4: 12
A5: =IF(timeseries!A5<>"",timeseries!A5,"") -> 44671.125 | B5: 12
A6: =IF(timeseries!A6<>"",timeseries!A6,"") -> 44671.167 | B6: 12
A7: =IF(timeseries!A7<>"",timeseries!A7,"")
A8: =IF(timeseries!A8<>"",timeseries!A8,"")
A9: =IF(timeseries!A9<>"",timeseries!A9,"")
A10: =IF(timeseries!A10<>"",timeseries!A10,"")
A11: =IF(timeseries!A11<>"",timeseries!A11,"")
A12: =IF(timeseries!A12<>"",timeseries!A12,"")
A13: =IF(timeseries!A13<>"",timeseries!A13,"")
A14: =IF(timeseries!A14<>"",timeseries!A14,"")
A15: =IF(timeseries!A15<>"",timeseries!A15,"")
A16: =IF(timeseries!A16<>"",timeseries!A16,"")
A17: =IF(timeseries!A17<>"",timeseries!A17,"")
A18: =IF(timeseries!A18<>"",timeseries!A18,"")
... A25: =IF(timeseries!A25<>"",timeseries!A25,"")

Sheet markets
A1: market | B1: market_type | C1: node | D1: processgroup | E1: direction | F1: reserve_type | G1: is_bid | H1: is_limited | I1: min_bid | J1: max_bid | K1: fee
A2: npe | B2: energy | C2: elc | D2: p1 | E2: none | F2: none | G2: 1 | H2: 0 | I2: 0 | J2: 0 | K2: 0
A3: fcr_up | B3: reserve | C3: elc_res | D3: p1 | E3: res_up | F3: slow | G3: 1 | H3: 0 | I3: 0 | J3: 0 | K3: 0

Sheet bid_slots
A1: t | B1: npe,p0 | C1: npe,p1 | D1: npe,p2 | E1: npe,p3
A2: =IF(timeseries!A2<>"",timeseries!A2,"") -> 44671 | B2: 45 | C2: 45 | D2: 50 | E2: 50
A3: =IF(timeseries!A3<>"",timeseries!A3,"") -> 44671.042 | B3: 58 | C3: 58 | D3: 62 | E3: 62
A4: =IF(timeseries!A4<>"",timeseries!A4,"") -> 44671.083 | B4: 55 | C4: 65 | D4: 88 | E4: 91
A5: =IF(timeseries!A5<>"",timeseries!A5,"") -> 44671.125 | B5: 45 | C5: 45 | D5: 55 | E5: 55
A6: =IF(timeseries!A6<>"",timeseries!A6,"") -> 44671.167 | B6: 75 | C6: 75 | D6: 80 | E6: 80
A7: =IF(timeseries!A7<>"",timeseries!A7,"")
A8: =IF(timeseries!A8<>"",timeseries!A8,"")
A9: =IF(timeseries!A9<>"",timeseries!A9,"")
A10: =IF(timeseries!A10<>"",timeseries!A10,"")
A11: =IF(timeseries!A11<>"",timeseries!A11,"")
A12: =IF(timeseries!A12<>"",timeseries!A12,"")
A13: =IF(timeseries!A13<>"",timeseries!A13,"")
A14: =IF(timeseries!A14<>"",timeseries!A14,"")
A15: =IF(timeseries!A15<>"",timeseries!A15,"")
A16: =IF(timeseries!A16<>"",timeseries!A16,"")
A17: =IF(timeseries!A17<>"",timeseries!A17,"")
A18: =IF(timeseries!A18<>"",timeseries!A18,"")
... A25: =IF(timeseries!A25<>"",timeseries!A25,"")

Sheet reserve_realisation
A1: t | B1: fcr_up,s1 | C1: fcr_up,s2 | D1: fcr_up,s3
A2: =IF(timeseries!A2<>"",timeseries!A2,"") -> 44671 | B2: 0.27 | C2: 0.27 | D2: 0.27
A3: =IF(timeseries!A3<>"",timeseries!A3,"") -> 44671.042 | B3: 0.27 | C3: 0.27 | D3: 0.27
A4: =IF(timeseries!A4<>"",timeseries!A4,"") -> 44671.083 | B4: 0.27 | C4: 0.29 | D4: 0.31
A5: =IF(timeseries!A5<>"",timeseries!A5,"") -> 44671.125 | B5: 0.27 | C5: 0.27 | D5: 0.27
A6: =IF(timeseries!A6<>"",timeseries!A6,"") -> 44671.167 | B6: 0.27 | C6: 0.27 | D6: 0.27
A7: =IF(timeseries!A7<>"",timeseries!A7,"")
A8: =IF(timeseries!A8<>"",timeseries!A8,"")
A9: =IF(timeseries!A9<>"",timeseries!A9,"")
A10: =IF(timeseries!A10<>"",timeseries!A10,"")
A11: =IF(timeseries!A11<>"",timeseries!A11,"")
A12: =IF(timeseries!A12<>"",timeseries!A12,"")
A13: =IF(timeseries!A13<>"",timeseries!A13,"")
A14: =IF(timeseries!A14<>"",timeseries!A14,"")
A15: =IF(timeseries!A15<>"",timeseries!A15,"")
A16: =IF(timeseries!A16<>"",timeseries!A16,"")
A17: =IF(timeseries!A17<>"",timeseries!A17,"")
A18: =IF(timeseries!A18<>"",timeseries!A18,"")
... A25: =IF(timeseries!A25<>"",timeseries!A25,"")

Sheet market_prices
A1: t | B1: npe,s1 | C1: npe,s2 | D1: npe,s3 | E1: fcr_up,s1 | F1: fcr_up,s2 | G1: fcr_up,s3
A2: =IF(timeseries!A2<>"",timeseries!A2,"") -> 44671 | B2: 48 | C2: 48 | D2: 48 | E2: 4 | F2: 4 | G2: 4
A3: =IF(timeseries!A3<>"",timeseries!A3,"") -> 44671.042 | B3: 60 | C3: 60 | D3: 60 | E3: 56 | F3: 56 | G3: 56
A4: =IF(timeseries!A4<>"",timeseries!A4,"") -> 44671.083 | B4: 58 | C4: 87 | D4: 89 | E4: 44 | F4: 52.8 | G4: 55
A5: =IF(timeseries!A5<>"",timeseries!A5,"") -> 44671.125 | B5: 50 | C5: 50 | D5: 50 | E5: 20 | F5: 20 | G5: 20
A6: =IF(timeseries!A6<>"",timeseries!A6,"") -> 44671.167 | B6: 76 | C6: 76 | D6: 76 | E6: 6 | F6: 6 | G6: 6
A7: =IF(timeseries!A7<>"",timeseries!A7,"")
A8: =IF(timeseries!A8<>"",timeseries!A8,"")
A9: =IF(timeseries!A9<>"",timeseries!A9,"")
A10: =IF(timeseries!A10<>"",timeseries!A10,"")
A11: =IF(timeseries!A11<>"",timeseries!A11,"")
A12: =IF(timeseries!A12<>"",timeseries!A12,"")
A13: =IF(timeseries!A13<>"",timeseries!A13,"")
A14: =IF(timeseries!A14<>"",timeseries!A14,"")
A15: =IF(timeseries!A15<>"",timeseries!A15,"")
A16: =IF(timeseries!A16<>"",timeseries!A16,"")
A17: =IF(timeseries!A17<>"",timeseries!A17,"")
A18: =IF(timeseries!A18<>"",timeseries!A18,"")
... A25: =IF(timeseries!A25<>"",timeseries!A25,"")

Sheet balance_prices
A1: t | B1: npe,up,s1 | C1: npe,up,s2 | D1: npe,up,s3 | E1: npe,dw,s1 | F1: npe,dw,s2 | G1: npe,dw,s3
A2: =IF(timeseries!A2<>"",timeseries!A2,"") -> 44671 | B2: =1.1*market_prices!B2 -> 52.8 | C2: =1.1*market_prices!C2 -> 52.8 | D2: =1.1*market_prices!C2 -> 52.8 | E2: =0.9*market_prices!B2 -> 43.2 | F2: =0.9*market_prices!C2 -> 43.2 | G2: =0.9*market_prices!C2 -> 43.2
A3: =IF(timeseries!A3<>"",timeseries!A3,"") -> 44671.042 | B3: =1.1*market_prices!B3 -> 66 | C3: =1.1*market_prices!C3 -> 66 | D3: =1.1*market_prices!C3 -> 66 | E3: =0.9*market_prices!B3 -> 54 | F3: =0.9*market_prices!C3 -> 54 | G3: =0.9*market_prices!C3 -> 54
A4: =IF(timeseries!A4<>"",timeseries!A4,"") -> 44671.083 | B4: =1.1*market_prices!B4 -> 63.8 | C4: =1.1*market_prices!C4 -> 95.7 | D4: =1.1*market_prices!C4 -> 95.7 | E4: =0.9*market_prices!B4 -> 52.2 | F4: =0.9*market_prices!C4 -> 78.3 | G4: =0.9*market_prices!C4 -> 78.3
A5: =IF(timeseries!A5<>"",timeseries!A5,"") -> 44671.125 | B5: =1.1*market_prices!B5 -> 55 | C5: =1.1*market_prices!C5 -> 55 | D5: =1.1*market_prices!C5 -> 55 | E5: =0.9*market_prices!B5 -> 45 | F5: =0.9*market_prices!C5 -> 45 | G5: =0.9*market_prices!C5 -> 45
A6: =IF(timeseries!A6<>"",timeseries!A6,"") -> 44671.167 | B6: =1.1*market_prices!B6 -> 83.6 | C6: =1.1*market_prices!C6 -> 83.6 | D6: =1.1*market_prices!C6 -> 83.6 | E6: =0.9*market_prices!B6 -> 68.4 | F6: =0.9*market_prices!C6 -> 68.4 | G6: =0.9*market_prices!C6 -> 68.4
A7: =IF(timeseries!A7<>"",timeseries!A7,"")
A8: =IF(timeseries!A8<>"",timeseries!A8,"")
A9: =IF(timeseries!A9<>"",timeseries!A9,"")
A10: =IF(timeseries!A10<>"",timeseries!A10,"")
A11: =IF(timeseries!A11<>"",timeseries!A11,"")
A12: =IF(timeseries!A12<>"",timeseries!A12,"")
A13: =IF(timeseries!A13<>"",timeseries!A13,"")
A14: =IF(timeseries!A14<>"",timeseries!A14,"")
A15: =IF(timeseries!A15<>"",timeseries!A15,"")
A16: =IF(timeseries!A16<>"",timeseries!A16,"")
A17: =IF(timeseries!A17<>"",timeseries!A17,"")
A18: =IF(timeseries!A18<>"",timeseries!A18,"")
... A25: =IF(timeseries!A25<>"",timeseries!A25,"")

Sheet reserve_activation_price
A1: t | B1: fcr_up,s1 | C1: fcr_up,s2 | D1: fcr_up,s3
A2: =IF(timeseries!A2<>"",timeseries!A2,"") -> 44671 | B2: 1 | C2: 1 | D2: 1
A3: =IF(timeseries!A3<>"",timeseries!A3,"") -> 44671.042 | B3: 2 | C3: 2 | D3: 2
A4: =IF(timeseries!A4<>"",timeseries!A4,"") -> 44671.083 | B4: 3 | C4: 3 | D4: 3
A5: =IF(timeseries!A5<>"",timeseries!A5,"") -> 44671.125 | B5: 2 | C5: 2 | D5: 2
A6: =IF(timeseries!A6<>"",timeseries!A6,"") -> 44671.167 | B6: 1 | C6: 1 | D6: 1
A7: =IF(timeseries!A7<>"",timeseries!A7,"")
A8: =IF(timeseries!A8<>"",timeseries!A8,"")
A9: =IF(timeseries!A9<>"",timeseries!A9,"")
A10: =IF(timeseries!A10<>"",timeseries!A10,"")
A11: =IF(timeseries!A11<>"",timeseries!A11,"")
A12: =IF(timeseries!A12<>"",timeseries!A12,"")
A13: =IF(timeseries!A13<>"",timeseries!A13,"")
A14: =IF(timeseries!A14<>"",timeseries!A14,"")
A15: =IF(timeseries!A15<>"",timeseries!A15,"")
A16: =IF(timeseries!A16<>"",timeseries!A16,"")
A17: =IF(timeseries!A17<>"",timeseries!A17,"")
A18: =IF(timeseries!A18<>"",timeseries!A18,"")
... A25: =IF(timeseries!A25<>"",timeseries!A25,"")

Sheet risk
A1: parameter | B1: value
A2: alfa | B2: 0.1
A3: beta | B3: 0.2

Sheet scenarios
A1: name | B1: propability
A2: s1 | B2: 0.4
A3: s2 | B3: 0.3
A4: s3 | B4: 0.3

Sheet fixed_ts
A1: t
A2: =IF(timeseries!A2<>"",timeseries!A2,"") -> 44671
A3: =IF(timeseries!A3<>"",timeseries!A3,"") -> 44671.042
A4: =IF(timeseries!A4<>"",timeseries!A4,"") -> 44671.083
A5: =IF(timeseries!A5<>"",timeseries!A5,"") -> 44671.125
A6: =IF(timeseries!A6<>"",timeseries!A6,"") -> 44671.167
A7: =IF(timeseries!A7<>"",timeseries!A7,"")
A8: =IF(timeseries!A8<>"",timeseries!A8,"")
A9: =IF(timeseries!A9<>"",timeseries!A9,"")
A10: =IF(timeseries!A10<>"",timeseries!A10,"")
A11: =IF(timeseries!A11<>"",timeseries!A11,"")
A12: =IF(timeseries!A12<>"",timeseries!A12,"")
A13: =IF(timeseries!A13<>"",timeseries!A13,"")
... A25: =IF(timeseries!A25<>"",timeseries!A25,"")

Sheet eff_ts
A1: t | B1: hp1,s1 | C1: hp1,s2 | D1: hp1,s3
A2: =IF(timeseries!A2<>"",timeseries!A2,"") -> 44671 | B2: 3 | C2: 3 | D2: 3
A3: =IF(timeseries!A3<>"",timeseries!A3,"") -> 44671.042 | B3: 3.5 | C3: 3.5 | D3: 3.5
A4: =IF(timeseries!A4<>"",timeseries!A4,"") -> 44671.083 | B4: 3.5 | C4: 3.5 | D4: 3.5
A5: =IF(timeseries!A5<>"",timeseries!A5,"") -> 44671.125 | B5: 3 | C5: 3 | D5: 3
A6: =IF(timeseries!A6<>"",timeseries!A6,"") -> 44671.167 | B6: 3 | C6: 3 | D6: 3
A7: =IF(timeseries!A7<>"",timeseries!A7,"")
A8: =IF(timeseries!A8<>"",timeseries!A8,"")
A9: =IF(timeseries!A9<>"",timeseries!A9,"")
A10: =IF(timeseries!A10<>"",timeseries!A10,"")
A11: =IF(timeseries!A11<>"",timeseries!A11,"")
A12: =IF(timeseries!A12<>"",timeseries!A12,"")
A13: =IF(timeseries!A13<>"",timeseries!A13,"")
A14: =IF(timeseries!A14<>"",timeseries!A14,"")
A15: =IF(timeseries!A15<>"",timeseries!A15,"")
A16: =IF(timeseries!A16<>"",timeseries!A16,"")
A17: =IF(timeseries!A17<>"",timeseries!A17,"")
A18: =IF(timeseries!A18<>"",timeseries!A18,"")
... A25: =IF(timeseries!A25<>"",timeseries!A25,"")

Sheet constraints
A1: name | B1: operator | C1: is_setpoint | D1: penalty
A2: c1 | B2: eq | C2: 0 | D2: 0
A3: c2 | B3: st | C3: 1 | D3: 1
A4: c3 | B4: gt | C4: 1 | D4: 1

Sheet gen_constraint
A1: t | B1: c1,ngchp,elc,s1 | C1: c1,ngchp,elc,s2 | D1: c1,ngchp,elc,s3 | E1: c1,ngchp,dh,s1 | F1: c1,ngchp,dh,s2 | G1: c1,ngchp,dh,s3 | H1: c1,s1 | I1: c1,s2 | J1: c1,s3 | K1: c2,dh_sto,s1 | L1: c2,dh_sto,s2 | M1: c2,dh_sto,s3 | N1: c3,dh_sto,s1 | O1: c3,dh_sto,s2 | P1: c3,dh_sto,s3
A2: =IF(timeseries!A2<>"",timeseries!A2,"") -> 44671 | B2: 1 | C2: 1 | D2: 1 | E2: -0.8 | F2: -0.8 | G2: -0.8 | H2: 0 | I2: 0 | J2: 0 | K2: 300 | L2: 300 | M2: 300 | N2: 256 | O2: 256 | P2: 256
A3: =IF(timeseries!A3<>"",timeseries!A3,"") -> 44671.042 | B3: 1 | C3: 1 | D3: 1 | E3: -0.8 | F3: -0.8 | G3: -0.8 | H3: 0 | I3: 0 | J3: 0 | K3: 300 | L3: 300 | M3: 300 | N3: 256 | O3: 256 | P3: 256
A4: =IF(timeseries!A4<>"",timeseries!A4,"") -> 44671.083 | B4: 1 | C4: 1 | D4: 1 | E4: -0.8 | F4: -0.8 | G4: -0.8 | H4: 0 | I4: 0 | J4: 0 | K4: 300 | L4: 300 | M4: 300 | N4: 256 | O4: 256 | P4: 256
A5: =IF(timeseries!A5<>"",timeseries!A5,"") -> 44671.125 | B5: 1 | C5: 1 | D5: 1 | E5: -0.8 | F5: -0.8 | G5: -0.8 | H5: 0 | I5: 0 | J5: 0 | K5: 300 | L5: 300 | M5: 300 | N5: 256 | O5: 256 | P5: 256
A6: =IF(timeseries!A6<>"",timeseries!A6,"") -> 44671.167 | B6: 1 | C6: 1 | D6: 1 | E6: -0.8 | F6: -0.8 | G6: -0.8 | H6: 0 | I6: 0 | J6: 0 | K6: 300 | L6: 300 | M6: 300 | N6: 256 | O6: 256 | P6: 256
A7: =IF(timeseries!A7<>"",timeseries!A7,"")
A8: =IF(timeseries!A8<>"",timeseries!A8,"")
A9: =IF(timeseries!A9<>"",timeseries!A9,"")
A10: =IF(timeseries!A10<>"",timeseries!A10,"")
A11: =IF(timeseries!A11<>"",timeseries!A11,"")
A12: =IF(timeseries!A12<>"",timeseries!A12,"")
A13: =IF(timeseries!A13<>"",timeseries!A13,"")
A14: =IF(timeseries!A14<>"",timeseries!A14,"")
A15: =IF(timeseries!A15<>"",timeseries!A15,"")
A16: =IF(timeseries!A16<>"",timeseries!A16,"")
A17: =IF(timeseries!A17<>"",timeseries!A17,"")
A18: =IF(timeseries!A18<>"",timeseries!A18,"")
... A25: =IF(timeseries!A25<>"",timeseries!A25,"")

Sheet cap_ts
A1: t | B1: hp1,elc,s1 | C1: hp1,elc,s2 | D1: hp1,elc,s3
A2: =IF(timeseries!A2<>"",timeseries!A2,"") -> 44671 | B2: 5 | C2: 5 | D2: 5
A3: =IF(timeseries!A3<>"",timeseries!A3,"") -> 44671.042 | B3: 4.2857143 | C3: 4.2857143 | D3: 4.2857143
A4: =IF(timeseries!A4<>"",timeseries!A4,"") -> 44671.083 | B4: 4.2857143 | C4: 4.2857143 | D4: 4.2857143
A5: =IF(timeseries!A5<>"",timeseries!A5,"") -> 44671.125 | B5: 4.2857143 | C5: 4.2857143 | D5: 4.2857143
A6: =IF(timeseries!A6<>"",timeseries!A6,"") -> 44671.167 | B6: 4.2857143 | C6: 4.2857143 | D6: 4.2857143
A7: =IF(timeseries!A7<>"",timeseries!A7,"")
A8: =IF(timeseries!A8<>"",timeseries!A8,"")
A9: =IF(timeseries!A9<>"",timeseries!A9,"")
A10: =IF(timeseries!A10<>"",timeseries!A10,"")
A11: =IF(timeseries!A11<>"",timeseries!A11,"")
A12: =IF(timeseries!A12<>"",timeseries!A12,"")
A13: =IF(timeseries!A13<>"",timeseries!A13,"")
A14: =IF(timeseries!A14<>"",timeseries!A14,"")
A15: =IF(timeseries!A15<>"",timeseries!A15,"")
A16: =IF(timeseries!A16<>"",timeseries!A16,"")
A17: =IF(timeseries!A17<>"",timeseries!A17,"")
A18: =IF(timeseries!A18<>"",timeseries!A18,"")
... A25: =IF(timeseries!A25<>"",timeseries!A25,"")
