Workbook

Sheet timeseries
A1: t
A2: 44624
A3: 44624.01
A4: 44624.021
A5: 44624.031
A6: 44624.042
A7: 44624.083
A8: 44624.125
A9: 44624.292
A10: 44624.458

Sheet time_horizon
A1: index | B1: timestep_length_in_h | C1: timestep_amount
A2: 1 | B2: 0.25 | C2: 4
A3: 2 | B3: 1 | C3: 2
A4: 3 | B4: 4 | C4: 2

Sheet setup
A1: parameter | B1: value
A2: use_market_bids | B2: 1
A3: use_reserves | B3: 1
A4: use_reserve_realisation | B4: 1
A5: use_node_dummy_variables | B5: 1
A6: use_ramp_dummy_variables | B6: 1
A7: node_dummy_variable_cost | B7: 10000
A8: ramp_dummy_variable_cost | B8: 10000
A9: common_start_timesteps | B9: 0
A10: common_end_timesteps | B10: 0
A11: common_scenario_name

Sheet nodes
A1: node | B1: is_commodity | C1: is_state | D1: is_res | E1: is_market | F1: is_inflow | G1: state_max | H1: state_min | I1: in_max | J1: out_max | K1: initial_state | L1: state_loss_proportional | M1: scenario_independent_state | N1: is_temp | O1: t_e_conversion | P1: residual_value
A2: ng | B2: 1 | C2: 0 | D2: 0 | E2: 0 | F2: 0 | G2: 0 | H2: 0 | I2: 0 | J2: 0 | K2: 0 | L2: 0 | M2: 0 | N2: 0 | O2: 1 | P2: 0
A3: elc | B3: 0 | C3: 0 | D3: 1 | E3: 0 | F3: 0 | G3: 0 | H3: 0 | I3: 0 | J3: 0 | K3: 0 | L3: 0 | M3: 0 | N3: 0 | O3: 1 | P3: 0
A4: dh | B4: 0 | C4: 1 | D4: 0 | E4: 0 | F4: 1 | G4: 10 | H4: 0 | I4: 3 | J4: 3 | K4: 10 | L4: 0.001 | M4: 0 | N4: 0 | O4: 1 | P4: 0

Sheet processes
A1: process | B1: is_cf | C1: is_cf_fix | D1: is_online | E1: is_res | F1: conversion | G1: eff | H1: load_min | I1: load_max | J1: start_cost | K1: min_online | L1: min_offline | M1: max_online | N1: max_offline | O1: initial_state | P1: scenario_independent_online | Q1: delay
A2: ngchp | B2: 0 | C2: 0 | D2: 0 | E2: 1 | F2: 1 | G2: 0.9 | H2: 0 | I2: 1 | J2: 0 | K2: 0 | L2: 0 | M2: 0 | N2: 0 | O2: 0 | P2: 0 | Q2: 0
A3: hp1 | B3: 0 | C3: 0 | D3: 0 | E3: 0 | F3: 1 | G3: 3 | H3: 0 | I3: 1 | J3: 0 | K3: 0 | L3: 0 | M3: 0 | N3: 0 | O3: 0 | P3: 0 | Q3: 0
A4: pv1 | B4: 1 | C4: 1 | D4: 0 | E4: 0 | F4: 1 | G4: 1 | H4: 0 | I4: 1 | J4: 0 | K4: 0 | L4: 0 | M4: 0 | N4: 0 | O4: 0 | P4: 0 | Q4: 0

Sheet groups
A1: group_type | B1: entity | C1: group
A2: process | B2: ngchp | C2: p1
A3: process | B3: hp1 | C3: p2
A4: node | B4: elc | C4: elc_res

Sheet efficiencies
A1: process | B1: 1 | C1: =B1+1 -> 2 | D1: =C1+1 -> 3 | E1: =D1+1 -> 4 | F1: =E1+1 -> 5 | G1: =F1+1 -> 6 | H1: =G1+1 -> 7 | I1: =H1+1 -> 8 | J1: =I1+1 -> 9 | K1: =J1+1 -> 10

Sheet process_topology
A1: process | B1: source_sink | C1: node | D1: conversion_coeff | E1: capacity | F1: vom_cost | G1: ramp_up | H1: ramp_down | I1: initial_load | J1: initial_flow
A2: ngchp | B2: source | C2: ng | D2: 1 | E2: 20 | F2: 0 | G2: 1 | H2: 1 | I2: 0.7 | J2: 0.7
A3: ngchp | B3: sink | C3: dh | D3: 1 | E3: 10 | F3: 0 | G3: 1 | H3: 1 | I3: 0.7 | J3: 0.7
A4: ngchp | B4: sink | C4: elc | D4: 1 | E4: 8 | F4: 0 | G4: 1 | H4: 1 | I4: 0.7 | J4: 0.7
A5: hp1 | B5: source | C5: elc | D5: 1 | E5: 5 | F5: 0 | G5: 1 | H5: 1 | I5: 0.7 | J5: 0.7
A6: hp1 | B6: sink | C6: dh | D6: 1 | E6: 15 | F6: 0 | G6: 1 | H6: 1 | I6: 0.7 | J6: 0.7
A7: pv1 | B7: sink | C7: elc | D7: 1 | E7: 5 | F7: 0 | G7: 1 | H7: 1 | I7: 0.7 | J7: 0.7
A8: pv2 | B8: sink | C8: elc | D8: 1 | E8: 5 | F8: 0 | G8: 1 | H8: 1 | I8: 0.7 | J8: 0.7

Sheet node_history
A1: t
A2: =IF(timeseries!A2<>"",timeseries!A2,"") -> 44624
A3: =IF(timeseries!A3<>"",timeseries!A3,"") -> 44624.01
A4: =IF(timeseries!A4<>"",timeseries!A4,"") -> 44624.021
A5: =IF(timeseries!A5<>"",timeseries!A5,"") -> 44624.031
A6: =IF(timeseries!A6<>"",timeseries!A6,"") -> 44624.042
A7: =IF(timeseries!A7<>"",timeseries!A7,"") -> 44624.083
A8: =IF(timeseries!A8<>"",timeseries!A8,"") -> 44624.125
A9: =IF(timeseries!A9<>"",timeseries!A9,"") -> 44624.292
A10: =IF(timeseries!A10<>"",timeseries!A10,"") -> 44624.458
A11: =IF(timeseries!A11<>"",timeseries!A11,"")
A12: =IF(timeseries!A12<>"",timeseries!A12,"")
A13: =IF(timeseries!A13<>"",timeseries!A13,"")
... A25: =IF(timeseries!A25<>"",timeseries!A25,"")

Sheet node_delay
A1: node1 | B1: node2 | C1: delay_t | D1: min_flow | E1: max_flow

Sheet node_diffusion
A1: t
A2: =IF(timeseries!A2<>"",timeseries!A2,"") -> 44624
A3: =IF(timeseries!A3<>"",timeseries!A3,"") -> 44624.01
A4: =IF(timeseries!A4<>"",timeseries!A4,"") -> 44624.021
A5: =IF(timeseries!A5<>"",timeseries!A5,"") -> 44624.031
A6: =IF(timeseries!A6<>"",timeseries!A6,"") -> 44624.042
A7: =IF(timeseries!A7<>"",timeseries!A7,"") -> 44624.083
A8: =IF(timeseries!A8<>"",timeseries!A8,"") -> 44624.125
A9: =IF(timeseries!A9<>"",timeseries!A9,"") -> 44624.292
A10: =IF(timeseries!A10<>"",timeseries!A10,"") -> 44624.458
A11: =IF(timeseries!A11<>"",timeseries!A11,"")
A12: =IF(timeseries!A12<>"",timeseries!A12,"")
A13: =IF(timeseries!A13<>"",timeseries!A13,"")
... A25: =IF(timeseries!A25<>"",timeseries!A25,"")

Sheet reserve_type
A1: reserve_type | B1: ramp_factor
A2: fast | B2: 1

Sheet cf
A1: t | B1: pv1,s1 | C1: pv1,s2
A2: =IF(timeseries!A2<>"",timeseries!A2,"") -> 44624 | B2: 0 | C2: 1
A3: =IF(timeseries!A3<>"",timeseries!A3,"") -> 44624.01 | B3: 0.4 | C3: 0.5
A4: =IF(timeseries!A4<>"",timeseries!A4,"") -> 44624.021 | B4: 0.5 | C4: 1
A5: =IF(timeseries!A5<>"",timeseries!A5,"") -> 44624.031 | B5: 0 | C5: 0.6
A6: =IF(timeseries!A6<>"",timeseries!A6,"") -> 44624.042 | B6: 0.8 | C6: 0.9
A7: =IF(timeseries!A7<>"",timeseries!A7,"") -> 44624.083 | B7: 1 | C7: 0.3
A8: =IF(timeseries!A8<>"",timeseries!A8,"") -> 44624.125 | B8: 0.1 | C8: 0.3
A9: =IF(timeseries!A9<>"",timeseries!A9,"") -> 44624.292 | B9: 0.6 | C9: 0.9
A10: =IF(timeseries!A10<>"",timeseries!A10,"") -> 44624.458 | B10: 0.4 | C10: 0.6
A11: =IF(timeseries!A11<>"",timeseries!A11,"")
A12: =IF(timeseries!A12<>"",timeseries!A12,"")
A13: =IF(timeseries!A13<>"",timeseries!A13,"")
A14: =IF(timeseries!A14<>"",timeseries!A14,"")
A15: =IF(timeseries!A15<>"",timeseries!A15,"")
A16: =IF(timeseries!A16<>"",timeseries!A16,"")
A17: =IF(timeseries!A17<>"",timeseries!A17,"")
A18: =IF(timeseries!A18<>"",timeseries!A18,"")
A19: =IF(timeseries!A19<>"",timeseries!A19,"")
A20: =IF(timeseries!A20<>"",timeseries!A20,"")
A21: =IF(timeseries!A21<>"",timeseries!A21,"")
A22: =IF(timeseries!A22<>"",timeseries!A22,"")
... A25: =IF(timeseries!A25<>"",timeseries!A25,"")

Sheet inflow
A1: t | B1: dh,s1 | C1: dh,s2
A2: =IF(timeseries!A2<>"",timeseries!A2,"") -> 44624 | B2: -5 | C2: -4
A3: =IF(timeseries!A3<>"",timeseries!A3,"") -> 44624.01 | B3: -5 | C3: -10
A4: =IF(timeseries!A4<>"",timeseries!A4,"") -> 44624.021 | B4: -4 | C4: -7
A5: =IF(timeseries!A5<>"",timeseries!A5,"") -> 44624.031 | B5: -2 | C5: -11
A6: =IF(timeseries!A6<>"",timeseries!A6,"") -> 44624.042 | B6: -7 | C6: -1
A7: =IF(timeseries!A7<>"",timeseries!A7,"") -> 44624.083 | B7: -5 | C7: -2
A8: =IF(timeseries!A8<>"",timeseries!A8,"") -> 44624.125 | B8: -14 | C8: -13
A9: =IF(timeseries!A9<>"",timeseries!A9,"") -> 44624.292 | B9: -20 | C9: -19
A10: =IF(timeseries!A10<>"",timeseries!A10,"") -> 44624.458 | B10: -13 | C10: -20
A11: =IF(timeseries!A11<>"",timeseries!A11,"")
A12: =IF(timeseries!A12<>"",timeseries!A12,"")
A13: =IF(timeseries!A13<>"",timeseries!A13,"")
A14: =IF(timeseries!A14<>"",timeseries!A14,"")
A15: =IF(timeseries!A15<>"",timeseries!A15,"")
A16: =IF(timeseries!A16<>"",timeseries!A16,"")
A17: =IF(timeseries!A17<>"",timeseries!A17,"")
A18: =IF(timeseries!A18<>"",timeseries!A18,"")
A19: =IF(timeseries!A19<>"",timeseries!A19,"")
A20: =IF(timeseries!A20<>"",timeseries!A20,"")
A21: =IF(timeseries!A21<>"",timeseries!A21,"")
A22: =IF(timeseries!A22<>"",timeseries!A22,"")
... A25: =IF(timeseries!A25<>"",timeseries!A25,"")

Sheet inflow_blocks
A1: t
A2: 1
A3: 2
A4: 3
A5: 4
A6: 5
A7: 6
A8: 7
A9: 8
A10: 9
A11: 10

Sheet flex_inflow
A1: period_name | B1: node | C1: scenario | D1: t_start | E1: t_end | F1: inflow | G1: deviation_penalty

Sheet price
A1: t | B1: ng, ALL
A2: =IF(timeseries!A2<>"",timeseries!A2,"") -> 44624 | B2: 12
A3: =IF(timeseries!A3<>"",timeseries!A3,"") -> 44624.01 | B3: 12
A4: =IF(timeseries!A4<>"",timeseries!A4,"") -> 44624.021 | B4: 12
A5: =IF(timeseries!A5<>"",timeseries!A5,"") -> 44624.031 | B5: 12
A6: =IF(timeseries!A6<>"",timeseries!A6,"") -> 44624.042 | B6: 12
A7: =IF(timeseries!A7<>"",timeseries!A7,"") -> 44624.083 | B7: 12
A8: =IF(timeseries!A8<>"",timeseries!A8,"") -> 44624.125 | B8: 12
A9: =IF(timeseries!A9<>"",timeseries!A9,"") -> 44624.292 | B9: 12
A10: =IF(timeseries!A10<>"",timeseries!A10,"") -> 44624.458 | B10: 12
A11: =IF(timeseries!A11<>"",timeseries!A11,"")
A12: =IF(timeseries!A12<>"",timeseries!A12,"")
A13: =IF(timeseries!A13<>"",timeseries!A13,"")
A14: =IF(timeseries!A14<>"",timeseries!A14,"")
A15: =IF(timeseries!A15<>"",timeseries!A15,"")
A16: =IF(timeseries!A16<>"",timeseries!A16,"")
A17: =IF(timeseries!A17<>"",timeseries!A17,"")
A18: =IF(timeseries!A18<>"",timeseries!A18,"")
A19: =IF(timeseries!A19<>"",timeseries!A19,"")
A20: =IF(timeseries!A20<>"",timeseries!A20,"")
A21: =IF(timeseries!A21<>"",timeseries!A21,"")
A22: =IF(timeseries!A22<>"",timeseries!A22,"")
... A25: =IF(timeseries!A25<>"",timeseries!A25,"")

Sheet markets
A1: market | B1: market_type | C1: node | D1: processgroup | E1: direction | F1: reserve_type | G1: is_bid | H1: is_limited | I1: min_bid | J1: max_bid | K1: fee
A2: npe | B2: energy | C2: elc | D2: p1 | E2: none | F2: none | G2: 1 | H2: 0 | I2: 0 | J2: 0 | K2: 0
A3: res_up | B3: reserve | C3: elc_res | D3: p1 | E3: up | F3: fast | G3: 1 | H3: 1 | I3: 1 | J3: 1000 | K3: 0

Sheet reserve_realisation
A1: t | B1: res_up,s1 | C1: res_up,s2
A2: =IF(timeseries!A2<>"",timeseries!A2,"") -> 44624 | B2: 0.2 | C2: 0.3
A3: =IF(timeseries!A3<>"",timeseries!A3,"") -> 44624.01 | B3: 0.2 | C3: 0.3
A4: =IF(timeseries!A4<>"",timeseries!A4,"") -> 44624.021 | B4: 0.2 | C4: 0.3
A5: =IF(timeseries!A5<>"",timeseries!A5,"") -> 44624.031 | B5: 0.2 | C5: 0.3
A6: =IF(timeseries!A6<>"",timeseries!A6,"") -> 44624.042 | B6: 0.2 | C6: 0.3
A7: =IF(timeseries!A7<>"",timeseries!A7,"") -> 44624.083 | B7: 0.2 | C7: 0.3
A8: =IF(timeseries!A8<>"",timeseries!A8,"") -> 44624.125 | B8: 0.2 | C8: 0.3
A9: =IF(timeseries!A9<>"",timeseries!A9,"") -> 44624.292 | B9: 0.2 | C9: 0.3
A10: =IF(timeseries!A10<>"",timeseries!A10,"") -> 44624.458 | B10: 0.2 | C10: 0.3
A11: =IF(timeseries!A11<>"",timeseries!A11,"")
A12: =IF(timeseries!A12<>"",timeseries!A12,"")
A13: =IF(timeseries!A13<>"",timeseries!A13,"")
A14: =IF(timeseries!A14<>"",timeseries!A14,"")
A15: =IF(timeseries!A15<>"",timeseries!A15,"")
A16: =IF(timeseries!A16<>"",timeseries!A16,"")
A17: =IF(timeseries!A17<>"",timeseries!A17,"")
A18: =IF(timeseries!A18<>"",timeseries!A18,"")
A19: =IF(timeseries!A19<>"",timeseries!A19,"")
A20: =IF(timeseries!A20<>"",timeseries!A20,"")
A21: =IF(timeseries!A21<>"",timeseries!A21,"")
A22: =IF(timeseries!A22<>"",timeseries!A22,"")
... A25: =IF(timeseries!A25<>"",timeseries!A25,"")

Sheet market_prices
A1: t | B1: npe,s1 | C1: npe,s2 | D1: res_up,s1 | E1: res_up,s2
A2: =IF(timeseries!A2<>"",timeseries!A2,"") -> 44624 | B2: 70 | C2: 57 | D2: 30 | E2: 41
A3: =IF(timeseries!A3<>"",timeseries!A3,"") -> 44624.01 | B3: 15 | C3: 37 | D3: 35 | E3: 19
A4: =IF(timeseries!A4<>"",timeseries!A4,"") -> 44624.021 | B4: 15 | C4: 68 | D4: 62 | E4: 56
A5: =IF(timeseries!A5<>"",timeseries!A5,"") -> 44624.031 | B5: 18 | C5: 51 | D5: 24 | E5: 39
A6: =IF(timeseries!A6<>"",timeseries!A6,"") -> 44624.042 | B6: 64 | C6: 31 | D6: 50 | E6: 41
A7: =IF(timeseries!A7<>"",timeseries!A7,"") -> 44624.083 | B7: 42 | C7: 66 | D7: 67 | E7: 70
A8: =IF(timeseries!A8<>"",timeseries!A8,"") -> 44624.125 | B8: 56 | C8: 19 | D8: 19 | E8: 20
A9: =IF(timeseries!A9<>"",timeseries!A9,"") -> 44624.292 | B9: 37 | C9: 60 | D9: 54 | E9: 64
A10: =IF(timeseries!A10<>"",timeseries!A10,"") -> 44624.458 | B10: 16 | C10: 53 | D10: 10 | E10: 49
A11: =IF(timeseries!A11<>"",timeseries!A11,"")
A12: =IF(timeseries!A12<>"",timeseries!A12,"")
A13: =IF(timeseries!A13<>"",timeseries!A13,"")
A14: =IF(timeseries!A14<>"",timeseries!A14,"")
A15: =IF(timeseries!A15<>"",timeseries!A15,"")
A16: =IF(timeseries!A16<>"",timeseries!A16,"")
A17: =IF(timeseries!A17<>"",timeseries!A17,"")
A18: =IF(timeseries!A18<>"",timeseries!A18,"")
A19: =IF(timeseries!A19<>"",timeseries!A19,"")
A20: =IF(timeseries!A20<>"",timeseries!A20,"")
A21: =IF(timeseries!A21<>"",timeseries!A21,"")
A22: =IF(timeseries!A22<>"",timeseries!A22,"")
... A25: =IF(timeseries!A25<>"",timeseries!A25,"")

Sheet balance_prices
A1: t | B1: npe,up,s1 | C1: npe,up,s2 | D1: npe,dw,s1 | E1: npe,dw,s2
A2: =IF(timeseries!A2<>"",timeseries!A2,"") -> 44624 | B2: =1.1*market_prices!B2 -> 77 | C2: =1.1*market_prices!C2 -> 62.7 | D2: =0.9*market_prices!B2 -> 63 | E2: =0.9*market_prices!C2 -> 51.3
A3: =IF(timeseries!A3<>"",timeseries!A3,"") -> 44624.01 | B3: =1.1*market_prices!B3 -> 16.5 | C3: =1.1*market_prices!C3 -> 40.7 | D3: =0.9*market_prices!B3 -> 13.5 | E3: =0.9*market_prices!C3 -> 33.3
A4: =IF(timeseries!A4<>"",timeseries!A4,"") -> 44624.021 | B4: =1.1*market_prices!B4 -> 16.5 | C4: =1.1*market_prices!C4 -> 74.8 | D4: =0.9*market_prices!B4 -> 13.5 | E4: =0.9*market_prices!C4 -> 61.2
A5: =IF(timeseries!A5<>"",timeseries!A5,"") -> 44624.031 | B5: =1.1*market_prices!B5 -> 19.8 | C5: =1.1*market_prices!C5 -> 56.1 | D5: =0.9*market_prices!B5 -> 16.2 | E5: =0.9*market_prices!C5 -> 45.9
A6: =IF(timeseries!A6<>"",timeseries!A6,"") -> 44624.042 | B6: =1.1*market_prices!B6 -> 70.4 | C6: =1.1*market_prices!C6 -> 34.1 | D6: =0.9*market_prices!B6 -> 57.6 | E6: =0.9*market_prices!C6 -> 27.9
A7: =IF(timeseries!A7<>"",timeseries!A7,"") -> 44624.083 | B7: =1.1*market_prices!B7 -> 46.2 | C7: =1.1*market_prices!C7 -> 72.6 | D7: =0.9*market_prices!B7 -> 37.8 | E7: =0.9*market_prices!C7 -> 59.4
A8: =IF(timeseries!A8<>"",timeseries!A8,"") -> 44624.125 | B8: =1.1*market_prices!B8 -> 61.6 | C8: =1.1*market_prices!C8 -> 20.9 | D8: =0.9*market_prices!B8 -> 50.4 | E8: =0.9*market_prices!C8 -> 17.1
A9: =IF(timeseries!A9<>"",timeseries!A9,"") -> 44624.292 | B9: =1.1*market_prices!B9 -> 40.7 | C9: =1.1*market_prices!C9 -> 66 | D9: =0.9*market_prices!B9 -> 33.3 | E9: =0.9*market_prices!C9 -> 54
A10: =IF(timeseries!A10<>"",timeseries!A10,"") -> 44624.458 | B10: =1.1*market_prices!B10 -> 17.6 | C10: =1.1*market_prices!C10 -> 58.3 | D10: =0.9*market_prices!B10 -> 14.4 | E10: =0.9*market_prices!C10 -> 47.7
A11: =IF(timeseries!A11<>"",timeseries!A11,"")
A12: =IF(timeseries!A12<>"",timeseries!A12,"")
A13: =IF(timeseries!A13<>"",timeseries!A13,"")
A14: =IF(timeseries!A14<>"",timeseries!A14,"")
A15: =IF(timeseries!A15<>"",timeseries!A15,"")
A16: =IF(timeseries!A16<>"",timeseries!A16,"")
A17: =IF(timeseries!A17<>"",timeseries!A17,"")
A18: =IF(timeseries!A18<>"",timeseries!A18,"")
A19: =IF(timeseries!A19<>"",timeseries!A19,"")
A20: =IF(timeseries!A20<>"",timeseries!A20,"")
A21: =IF(timeseries!A21<>"",timeseries!A21,"")
A22: =IF(timeseries!A22<>"",timeseries!A22,"")
... A25: =IF(timeseries!A25<>"",timeseries!A25,"")

Sheet reserve_activation_price
A1: t | B1: res_up,s1 | C1: res_up,s2
A2: =IF(timeseries!A2<>"",timeseries!A2,"") -> 44624 | B2: 0 | C2: 0
A3: =IF(timeseries!A3<>"",timeseries!A3,"") -> 44624.01 | B3: 0 | C3: 0
A4: =IF(timeseries!A4<>"",timeseries!A4,"") -> 44624.021 | B4: 0 | C4: 0
A5: =IF(timeseries!A5<>"",timeseries!A5,"") -> 44624.031 | B5: 0 | C5: 0
A6: =IF(timeseries!A6<>"",timeseries!A6,"") -> 44624.042 | B6: 0 | C6: 0
A7: =IF(timeseries!A7<>"",timeseries!A7,"") -> 44624.083 | B7: 0 | C7: 0
A8: =IF(timeseries!A8<>"",timeseries!A8,"") -> 44624.125 | B8: 0 | C8: 0
A9: =IF(timeseries!A9<>"",timeseries!A9,"") -> 44624.292 | B9: 0 | C9: 0
A10: =IF(timeseries!A10<>"",timeseries!A10,"") -> 44624.458 | B10: 0 | C10: 0
A11: =IF(timeseries!A11<>"",timeseries!A11,"")
A12: =IF(timeseries!A12<>"",timeseries!A12,"")
A13: =IF(timeseries!A13<>"",timeseries!A13,"")
A14: =IF(timeseries!A14<>"",timeseries!A14,"")
A15: =IF(timeseries!A15<>"",timeseries!A15,"")
A16: =IF(timeseries!A16<>"",timeseries!A16,"")
A17: =IF(timeseries!A17<>"",timeseries!A17,"")
A18: =IF(timeseries!A18<>"",timeseries!A18,"")
A19: =IF(timeseries!A19<>"",timeseries!A19,"")
A20: =IF(timeseries!A20<>"",timeseries!A20,"")
A21: =IF(timeseries!A21<>"",timeseries!A21,"")
A22: =IF(timeseries!A22<>"",timeseries!A22,"")
... A25: =IF(timeseries!A25<>"",timeseries!A25,"")

Sheet bid_slots
A1: t
A2: =IF(timeseries!A2<>"",timeseries!A2,"") -> 44624
A3: =IF(timeseries!A3<>"",timeseries!A3,"") -> 44624.01
A4: =IF(timeseries!A4<>"",timeseries!A4,"") -> 44624.021
A5: =IF(timeseries!A5<>"",timeseries!A5,"") -> 44624.031
A6: =IF(timeseries!A6<>"",timeseries!A6,"") -> 44624.042
A7: =IF(timeseries!A7<>"",timeseries!A7,"") -> 44624.083
A8: =IF(timeseries!A8<>"",timeseries!A8,"") -> 44624.125
A9: =IF(timeseries!A9<>"",timeseries!A9,"") -> 44624.292
A10: =IF(timeseries!A10<>"",timeseries!A10,"") -> 44624.458
A11: =IF(timeseries!A11<>"",timeseries!A11,"")
A12: =IF(timeseries!A12<>"",timeseries!A12,"")
A13: =IF(timeseries!A13<>"",timeseries!A13,"")
... A25: =IF(timeseries!A25<>"",timeseries!A25,"")

Sheet risk
A1: parameter | B1: value
A2: alfa | B2: 0.2
A3: beta | B3: 0.2

Sheet scenarios
A1: name | B1: propability
A2: s1 | B2: 0.5
A3: s2 | B3: 0.5

Sheet fixed_ts
A1: t
A2: =IF(timeseries!A2<>"",timeseries!A2,"") -> 44624
A3: =IF(timeseries!A3<>"",timeseries!A3,"") -> 44624.01
A4: =IF(timeseries!A4<>"",timeseries!A4,"") -> 44624.021
A5: =IF(timeseries!A5<>"",timeseries!A5,"") -> 44624.031
A6: =IF(timeseries!A6<>"",timeseries!A6,"") -> 44624.042
A7: =IF(timeseries!A7<>"",timeseries!A7,"") -> 44624.083
A8: =IF(timeseries!A8<>"",timeseries!A8,"") -> 44624.125
A9: =IF(timeseries!A9<>"",timeseries!A9,"") -> 44624.292
A10: =IF(timeseries!A10<>"",timeseries!A10,"") -> 44624.458
A11: =IF(timeseries!A11<>"",timeseries!A11,"")
A12: =IF(timeseries!A12<>"",timeseries!A12,"")
A13: =IF(timeseries!A13<>"",timeseries!A13,"")
... A25: =IF(timeseries!A25<>"",timeseries!A25,"")

Sheet eff_ts
A1: t | B1: hp1,s1 | C1: hp1,s2
A2: =IF(timeseries!A2<>"",timeseries!A2,"") -> 44624 | B2: 3 | C2: 2.6
A3: =IF(timeseries!A3<>"",timeseries!A3,"") -> 44624.01 | B3: 3.5 | C3: 2.5
A4: =IF(timeseries!A4<>"",timeseries!A4,"") -> 44624.021 | B4: 3.5 | C4: 2.9
A5: =IF(timeseries!A5<>"",timeseries!A5,"") -> 44624.031 | B5: 3.4 | C5: 3.3
A6: =IF(timeseries!A6<>"",timeseries!A6,"") -> 44624.042 | B6: 3.3 | C6: 2.7
A7: =IF(timeseries!A7<>"",timeseries!A7,"") -> 44624.083 | B7: 3.2 | C7: 3
A8: =IF(timeseries!A8<>"",timeseries!A8,"") -> 44624.125 | B8: 3.1 | C8: 3.5
A9: =IF(timeseries!A9<>"",timeseries!A9,"") -> 44624.292 | B9: 3 | C9: 3.3
A10: =IF(timeseries!A10<>"",timeseries!A10,"") -> 44624.458 | B10: 2.5 | C10: 3.5
A11: =IF(timeseries!A11<>"",timeseries!A11,"")
A12: =IF(timeseries!A12<>"",timeseries!A12,"")
A13: =IF(timeseries!A13<>"",timeseries!A13,"")
A14: =IF(timeseries!A14<>"",timeseries!A14,"")
A15: =IF(timeseries!A15<>"",timeseries!A15,"")
A16: =IF(timeseries!A16<>"",timeseries!A16,"")
A17: =IF(timeseries!A17<>"",timeseries!A17,"")
A18: =IF(timeseries!A18<>"",timeseries!A18,"")
A19: =IF(timeseries!A19<>"",timeseries!A19,"")
A20: =IF(timeseries!A20<>"",timeseries!A20,"")
A21: =IF(timeseries!A21<>"",timeseries!A21,"")
A22: =IF(timeseries!A22<>"",timeseries!A22,"")
... A25: =IF(timeseries!A25<>"",timeseries!A25,"")

Sheet constraints
A1: name | B1: operator | C1: is_setpoint | D1: penalty
A2: c1 | B2: eq | C2: 0 | D2: 0
A3: sp1 | B3: gt | C3: 1 | D3: 100

Sheet gen_constraint
A1: t | B1: c1,ngchp,elc,s1 | C1: c1,ngchp,elc,s2 | D1: c1,ngchp,dh,s1 | E1: c1,ngchp,dh,s2 | F1: c1,s1 | G1: c1,s2 | H1: sp1,dh,s1 | I1: sp1,dh,s2
A2: =IF(timeseries!A2<>"",timeseries!A2,"") -> 44624 | B2: 1 | C2: =B2 -> 1 | D2: -0.8 | E2: =D2 -> -0.8 | F2: 0 | G2: =F2 -> 0 | H2: 1 | I2: 1
A3: =IF(timeseries!A3<>"",timeseries!A3,"") -> 44624.01 | B3: 1 | C3: =B3 -> 1 | D3: -0.8 | E3: =D3 -> -0.8 | F3: 0 | G3: =F3 -> 0 | H3: 1 | I3: 1
A4: =IF(timeseries!A4<>"",timeseries!A4,"") -> 44624.021 | B4: 1 | C4: =B4 -> 1 | D4: -0.8 | E4: =D4 -> -0.8 | F4: 0 | G4: =F4 -> 0 | H4: 1 | I4: 1
A5: =IF(timeseries!A5<>"",timeseries!A5,"") -> 44624.031 | B5: 1 | C5: =B5 -> 1 | D5: -0.8 | E5: =D5 -> -0.8 | F5: 0 | G5: =F5 -> 0 | H5: 1 | I5: 1
A6: =IF(timeseries!A6<>"",timeseries!A6,"") -> 44624.042 | B6: 1 | C6: =B6 -> 1 | D6: -0.8 | E6: =D6 -> -0.8 | F6: 0 | G6: =F6 -> 0 | H6: 1 | I6: 1
A7: =IF(timeseries!A7<>"",timeseries!A7,"") -> 44624.083 | B7: 1 | C7: =B7 -> 1 | D7: -0.8 | E7: =D7 -> -0.8 | F7: 0 | G7: =F7 -> 0 | H7: 1 | I7: 1
A8: =IF(timeseries!A8<>"",timeseries!A8,"") -> 44624.125 | B8: 1 | C8: =B8 -> 1 | D8: -0.8 | E8: =D8 -> -0.8 | F8: 0 | G8: =F8 -> 0 | H8: 1 | I8: 1
A9: =IF(timeseries!A9<>"",timeseries!A9,"") -> 44624.292 | B9: 1 | C9: =B9 -> 1 | D9: -0.8 | E9: =D9 -> -0.8 | F9: 0 | G9: =F9 -> 0 | H9: 1 | I9: 1
A10: =IF(timeseries!A10<>"",timeseries!A10,"") -> 44624.458 | B10: 1 | C10: =B10 -> 1 | D10: -0.8 | E10: =D10 -> -0.8 | F10: 0 | G10: =F10 -> 0 | H10: 1 | I10: 1
A11: =IF(timeseries!A11<>"",timeseries!A11,"")
A12: =IF(timeseries!A12<>"",timeseries!A12,"")
A13: =IF(timeseries!A13<>"",timeseries!A13,"")
A14: =IF(timeseries!A14<>"",timeseries!A14,"")
A15: =IF(timeseries!A15<>"",timeseries!A15,"")
A16: =IF(timeseries!A16<>"",timeseries!A16,"")
A17: =IF(timeseries!A17<>"",timeseries!A17,"")
A18: =IF(timeseries!A18<>"",timeseries!A18,"")
A19: =IF(timeseries!A19<>"",timeseries!A19,"")
A20: =IF(timeseries!A20<>"",timeseries!A20,"")
A21: =IF(timeseries!A21<>"",timeseries!A21,"")
A22: =IF(timeseries!A22<>"",timeseries!A22,"")
... A25: =IF(timeseries!A25<>"",timeseries!A25,"")

Sheet cap_ts
A1: t | B1: hp1,elc,s1 | C1: hp1,elc,s2
A2: =IF(timeseries!A2<>"",timeseries!A2,"") -> 44624 | B2: 5 | C2: 5.9705
A3: =IF(timeseries!A3<>"",timeseries!A3,"") -> 44624.01 | B3: 4.2857143 | C3: 6.3089
A4: =IF(timeseries!A4<>"",timeseries!A4,"") -> 44624.021 | B4: 4.2857143 | C4: 6.0133
A5: =IF(timeseries!A5<>"",timeseries!A5,"") -> 44624.031 | B5: 4.4117647 | C5: 5.1531
A6: =IF(timeseries!A6<>"",timeseries!A6,"") -> 44624.042 | B6: 4.5454545 | C6: 6.868
A7: =IF(timeseries!A7<>"",timeseries!A7,"") -> 44624.083 | B7: 4.6875 | C7: 6.1234
A8: =IF(timeseries!A8<>"",timeseries!A8,"") -> 44624.125 | B8: 4.8387097 | C8: 5.5725
A9: =IF(timeseries!A9<>"",timeseries!A9,"") -> 44624.292 | B9: 5 | C9: 4.9117
A10: =IF(timeseries!A10<>"",timeseries!A10,"") -> 44624.458 | B10: 6 | C10: 5.7545
A11: =IF(timeseries!A11<>"",timeseries!A11,"")
A12: =IF(timeseries!A12<>"",timeseries!A12,"")
A13: =IF(timeseries!A13<>"",timeseries!A13,"")
A14: =IF(timeseries!A14<>"",timeseries!A14,"")
A15: =IF(timeseries!A15<>"",timeseries!A15,"")
A16: =IF(timeseries!A16<>"",timeseries!A16,"")
A17: =IF(timeseries!A17<>"",timeseries!A17,"")
A18: =IF(timeseries!A18<>"",timeseries!A18,"")
A19: =IF(timeseries!A19<>"",timeseries!A19,"")
A20: =IF(timeseries!A20<>"",timeseries!A20,"")
A21: =IF(timeseries!A21<>"",timeseries!A21,"")
A22: =IF(timeseries!A22<>"",timeseries!A22,"")
... A25: =IF(timeseries!A25<>"",timeseries!A25,"")
