Workbook

Sheet timeseries
A1: t
A2: 44671
A3: 44671.042
A4: 44671.083
A5: 44671.125
A6: 44671.167
A7: 44671.208
A8: 44671.25

Sheet setup
A1: parameter | B1: value
A2: use_market_bids | B2: 1
A3: use_reserves | B3: 1
A4: use_reserve_realisation | B4: 1
A5: use_node_dummy_variables | B5: 1
A6: use_ramp_dummy_variables | B6: 1
A7: node_dummy_variable_cost | B7: 10000
A8: ramp_dummy_variable_cost | B8: 10000
A9: common_start_timesteps | B9: 0
A10: common_end_timesteps | B10: 0
A11: common_scenario_name

Sheet nodes
A1: node | B1: is_commodity | C1: is_state | D1: is_res | E1: is_market | F1: is_inflow | G1: state_max | H1: state_min | I1: in_max | J1: out_max | K1: initial_state | L1: state_loss_proportional | M1: scenario_independent_state | N1: is_temp | O1: t_e_conversion | P1: residual_value
A2: ng | B2: 1 | C2: 0 | D2: 0 | E2: 0 | F2: 0 | G2: 0 | H2: 0 | I2: 0 | J2: 0 | K2: 0 | L2: 0 | M2: 0 | N2: 0 | O2: 1 | P2: 0
A3: dh1 | B3: 0 | C3: 0 | D3: 0 | E3: 0 | F3: 1 | G3: 0 | H3: 0 | I3: 0 | J3: 0 | K3: 0 | L3: 0 | M3: 0 | N3: 0 | O3: 1 | P3: 0
A4: dh2 | B4: 0 | C4: 0 | D4: 0 | E4: 0 | F4: 1 | G4: 0 | H4: 0 | I4: 0 | J4: 0 | K4: 0 | L4: 0 | M4: 0 | N4: 0 | O4: 1 | P4: 0
A5: elc | B5: 0 | C5: 0 | D5: 0 | E5: 0 | F5: 0 | G5: 0 | H5: 0 | I5: 0 | J5: 0 | K5: 0 | L5: 0 | M5: 0 | N5: 0 | O5: 0 | P5: 0

Sheet processes
A1: process | B1: is_cf | C1: is_cf_fix | D1: is_online | E1: is_res | F1: conversion | G1: eff | H1: load_min | I1: load_max | J1: start_cost | K1: min_online | L1: min_offline | M1: max_online | N1: max_offline | O1: initial_state | P1: scenario_independent_online | Q1: delay
A2: ngchp1 | B2: 0 | C2: 0 | D2: 0 | E2: 0 | F2: 1 | G2: 0.9 | H2: 0 | I2: 1 | J2: 0 | K2: 0 | L2: 0 | M2: 0 | N2: 0 | O2: 0 | P2: 0 | Q2: 0

Sheet groups
A1: group_type | B1: entity | C1: group
A2: process | B2: ngchp1 | C2: p1

Sheet efficiencies
A1: process | B1: 1 | C1: =B1+1 -> 2 | D1: =C1+1 -> 3 | E1: =D1+1 -> 4 | F1: =E1+1 -> 5 | G1: =F1+1 -> 6 | H1: =G1+1 -> 7 | I1: =H1+1 -> 8 | J1: =I1+1 -> 9 | K1: =J1+1 -> 10

Sheet process_topology
A1: process | B1: source_sink | C1: node | D1: conversion_coeff | E1: capacity | F1: vom_cost | G1: ramp_up | H1: ramp_down | I1: initial_load | J1: initial_flow
A2: ngchp1 | B2: source | C2: ng | D2: 1 | E2: 20 | F2: 0 | G2: 1 | H2: 1 | I2: 0.7 | J2: 0.7
A3: ngchp1 | B3: sink | C3: dh1 | D3: 1 | E3: 18 | F3: 0 | G3: 1 | H3: 1 | I3: 0.7 | J3: 0.7

Sheet node_history
A1: t | B1: dh2,t,s1 | C1: dh2,s1
A2: 1 | B2: 44671 | C2: 3
A3: 2 | B3: 44671.042 | C3: 4
A4: 3
A5: 4
A6: 5
A7: 6
A8: 7
A9: 8
A10: 9
A11: 10
A12: 11
A13: 12
A14: 13
A15: 14
... A21: 20

Sheet node_delay
A1: node1 | B1: node2 | C1: delay_t | D1: min_flow | E1: max_flow
A2: dh1 | B2: dh2 | C2: 2 | D2: 0 | E2: 20

Sheet node_diffusion
A1: t
A2: =IF(timeseries!A2<>"",timeseries!A2,"") -> 44671
A3: =IF(timeseries!A3<>"",timeseries!A3,"") -> 44671.042
A4: =IF(timeseries!A4<>"",timeseries!A4,"") -> 44671.083
A5: =IF(timeseries!A5<>"",timeseries!A5,"") -> 44671.125
A6: =IF(timeseries!A6<>"",timeseries!A6,"") -> 44671.167
A7: =IF(timeseries!A7<>"",timeseries!A7,"") -> 44671.208
A8: =IF(timeseries!A8<>"",timeseries!A8,"") -> 44671.25
A9: =IF(timeseries!A9<>"",timeseries!A9,"")
A10: =IF(timeseries!A10<>"",timeseries!A10,"")
A11: =IF(timeseries!A11<>"",timeseries!A11,"")
A12: =IF(timeseries!A12<>"",timeseries!A12,"")
A13: =IF(timeseries!A13<>"",timeseries!A13,"")
... A25: =IF(timeseries!A25<>"",timeseries!A25,"")

Sheet reserve_type
A1: reserve_type | B1: ramp_factor

Sheet cf
A1: t
A2: =IF(timeseries!A2<>"",timeseries!A2,"") -> 44671
A3: =IF(timeseries!A3<>"",timeseries!A3,"") -> 44671.042
A4: =IF(timeseries!A4<>"",timeseries!A4,"") -> 44671.083
A5: =IF(timeseries!A5<>"",timeseries!A5,"") -> 44671.125
A6: =IF(timeseries!A6<>"",timeseries!A6,"") -> 44671.167
A7: =IF(timeseries!A7<>"",timeseries!A7,"") -> 44671.208
A8: =IF(timeseries!A8<>"",timeseries!A8,"") -> 44671.25
A9: =IF(timeseries!A9<>"",timeseries!A9,"")
A10: =IF(timeseries!A10<>"",timeseries!A10,"")
A11: =IF(timeseries!A11<>"",timeseries!A11,"")
A12: =IF(timeseries!A12<>"",timeseries!A12,"")
A13: =IF(timeseries!A13<>"",timeseries!A13,"")
... A25: =IF(timeseries!A25<>"",timeseries!A25,"")

Sheet inflow
A1: t | B1: dh1, s1 | C1: dh2, s1
A2: =IF(timeseries!A2<>"",timeseries!A2,"") -> 44671 | B2: -2 | C2: =node_history!C2*-1 -> -3
A3: =IF(timeseries!A3<>"",timeseries!A3,"") -> 44671.042 | B3: -2 | C3: =node_history!C3*-1 -> -4
A4: =IF(timeseries!A4<>"",timeseries!A4,"") -> 44671.083 | B4: -5 | C4: -3
A5: =IF(timeseries!A5<>"",timeseries!A5,"") -> 44671.125 | B5: -7 | C5: -2
A6: =IF(timeseries!A6<>"",timeseries!A6,"") -> 44671.167 | B6: -8 | C6: -6
A7: =IF(timeseries!A7<>"",timeseries!A7,"") -> 44671.208 | B7: -4 | C7: -6
A8: =IF(timeseries!A8<>"",timeseries!A8,"") -> 44671.25 | B8: -7 | C8: -4
A9: =IF(timeseries!A9<>"",timeseries!A9,"")
A10: =IF(timeseries!A10<>"",timeseries!A10,"")
A11: =IF(timeseries!A11<>"",timeseries!A11,"")
A12: =IF(timeseries!A12<>"",timeseries!A12,"")
A13: =IF(timeseries!A13<>"",timeseries!A13,"")
A16: =IF(timeseries!A16<>"",timeseries!A16,"")
A17: =IF(timeseries!A17<>"",timeseries!A17,"")
A18: =IF(timeseries!A18<>"",timeseries!A18,"")
A19: =IF(timeseries!A19<>"",timeseries!A19,"")
A20: =IF(timeseries!A20<>"",timeseries!A20,"")
A21: =IF(timeseries!A21<>"",timeseries!A21,"")
A22: =IF(timeseries!A22<>"",timeseries!A22,"")
... A25: =IF(timeseries!A25<>"",timeseries!A25,"")

Sheet inflow_blocks
A1: t
A2: 1
A3: 2
A4: 3
A5: 4
A6: 5
A7: 6
A8: 7
A9: 8
A10: 9
A11: 10

Sheet flex_inflow
A1: period_name | B1: node | C1: scenario | D1: t_start | E1: t_end | F1: inflow | G1: deviation_penalty

Sheet price
A1: t | B1: ng, ALL
A2: =IF(timeseries!A2<>"",timeseries!A2,"") -> 44671 | B2: 1
A3: =IF(timeseries!A3<>"",timeseries!A3,"") -> 44671.042 | B3: 1
A4: =IF(timeseries!A4<>"",timeseries!A4,"") -> 44671.083 | B4: 1
A5: =IF(timeseries!A5<>"",timeseries!A5,"") -> 44671.125 | B5: 1
A6: =IF(timeseries!A6<>"",timeseries!A6,"") -> 44671.167 | B6: 1
A7: =IF(timeseries!A7<>"",timeseries!A7,"") -> 44671.208 | B7: 1
A8: =IF(timeseries!A8<>"",timeseries!A8,"") -> 44671.25 | B8: 1
A9: =IF(timeseries!A9<>"",timeseries!A9,"")
A10: =IF(timeseries!A10<>"",timeseries!A10,"")
A11: =IF(timeseries!A11<>"",timeseries!A11,"")
A12: =IF(timeseries!A12<>"",timeseries!A12,"")
A13: =IF(timeseries!A13<>"",timeseries!A13,"")
A14: =IF(timeseries!A14<>"",timeseries!A14,"")
A15: =IF(timeseries!A15<>"",timeseries!A15,"")
A16: =IF(timeseries!A16<>"",timeseries!A16,"")
A17: =IF(timeseries!A17<>"",timeseries!A17,"")
A18: =IF(timeseries!A18<>"",timeseries!A18,"")
A19: =IF(timeseries!A19<>"",timeseries!A19,"")
A20: =IF(timeseries!A20<>"",timeseries!A20,"")
... A25: =IF(timeseries!A25<>"",timeseries!A25,"")

Sheet markets
A1: market | B1: market_type | C1: node | D1: processgroup | E1: direction | F1: reserve_type | G1: is_bid | H1: is_limited | I1: min_bid | J1: max_bid | K1: fee
A2: npe | B2: energy | C2: elc | D2: p1 | E2: none | F2: none | G2: 1 | H2: 0 | I2: 0 | J2: 0 | K2: 0

Sheet reserve_realisation
A1: t
A2: =IF(timeseries!A2<>"",timeseries!A2,"") -> 44671
A3: =IF(timeseries!A3<>"",timeseries!A3,"") -> 44671.042
A4: =IF(timeseries!A4<>"",timeseries!A4,"") -> 44671.083
A5: =IF(timeseries!A5<>"",timeseries!A5,"") -> 44671.125
A6: =IF(timeseries!A6<>"",timeseries!A6,"") -> 44671.167
A7: =IF(timeseries!A7<>"",timeseries!A7,"") -> 44671.208
A8: =IF(timeseries!A8<>"",timeseries!A8,"") -> 44671.25
A9: =IF(timeseries!A9<>"",timeseries!A9,"")
A10: =IF(timeseries!A10<>"",timeseries!A10,"")
A11: =IF(timeseries!A11<>"",timeseries!A11,"")
A12: =IF(timeseries!A12<>"",timeseries!A12,"")
A13: =IF(timeseries!A13<>"",timeseries!A13,"")
... A25: =IF(timeseries!A25<>"",timeseries!A25,"")

Sheet market_prices
A1: t | B1: npe,s1
A2: =IF(timeseries!A2<>"",timeseries!A2,"") -> 44671 | B2: 0
A3: =IF(timeseries!A3<>"",timeseries!A3,"") -> 44671.042 | B3: 0
A4: =IF(timeseries!A4<>"",timeseries!A4,"") -> 44671.083 | B4: 0
A5: =IF(timeseries!A5<>"",timeseries!A5,"") -> 44671.125 | B5: 0
A6: =IF(timeseries!A6<>"",timeseries!A6,"") -> 44671.167 | B6: 0
A7: =IF(timeseries!A7<>"",timeseries!A7,"") -> 44671.208 | B7: 0
A8: =IF(timeseries!A8<>"",timeseries!A8,"") -> 44671.25 | B8: 0
A9: =IF(timeseries!A9<>"",timeseries!A9,"")
A10: =IF(timeseries!A10<>"",timeseries!A10,"")
A11: =IF(timeseries!A11<>"",timeseries!A11,"")
A12: =IF(timeseries!A12<>"",timeseries!A12,"")
A13: =IF(timeseries!A13<>"",timeseries!A13,"")
A14: =IF(timeseries!A14<>"",timeseries!A14,"")
A15: =IF(timeseries!A15<>"",timeseries!A15,"")
A16: =IF(timeseries!A16<>"",timeseries!A16,"")
A17: =IF(timeseries!A17<>"",timeseries!A17,"")
A18: =IF(timeseries!A18<>"",timeseries!A18,"")
A19: =IF(timeseries!A19<>"",timeseries!A19,"")
A20: =IF(timeseries!A20<>"",timeseries!A20,"")
... A25: =IF(timeseries!A25<>"",timeseries!A25,"")

Sheet balance_prices
A1: t | B1: npe,up,s1 | C1: npe,dw,s1
A2: =IF(timeseries!A2<>"",timeseries!A2,"") -> 44671 | B2: 1 | C2: -1
A3: =IF(timeseries!A3<>"",timeseries!A3,"") -> 44671.042 | B3: 1 | C3: -1
A4: =IF(timeseries!A4<>"",timeseries!A4,"") -> 44671.083 | B4: 1 | C4: -1
A5: =IF(timeseries!A5<>"",timeseries!A5,"") -> 44671.125 | B5: 1 | C5: -1
A6: =IF(timeseries!A6<>"",timeseries!A6,"") -> 44671.167 | B6: 1 | C6: -1
A7: =IF(timeseries!A7<>"",timeseries!A7,"") -> 44671.208 | B7: 1 | C7: -1
A8: =IF(timeseries!A8<>"",timeseries!A8,"") -> 44671.25 | B8: 1 | C8: -1
A9: =IF(timeseries!A9<>"",timeseries!A9,"")
A10: =IF(timeseries!A10<>"",timeseries!A10,"")
A11: =IF(timeseries!A11<>"",timeseries!A11,"")
A12: =IF(timeseries!A12<>"",timeseries!A12,"")
A13: =IF(timeseries!A13<>"",timeseries!A13,"")
A14: =IF(timeseries!A14<>"",timeseries!A14,"")
A15: =IF(timeseries!A15<>"",timeseries!A15,"")
A16: =IF(timeseries!A16<>"",timeseries!A16,"")
A17: =IF(timeseries!A17<>"",timeseries!A17,"")
A18: =IF(timeseries!A18<>"",timeseries!A18,"")
A19: =IF(timeseries!A19<>"",timeseries!A19,"")
A20: =IF(timeseries!A20<>"",timeseries!A20,"")
... A25: =IF(timeseries!A25<>"",timeseries!A25,"")

Sheet reserve_activation_price
A1: t
A2: =IF(timeseries!A2<>"",timeseries!A2,"") -> 44671
A3: =IF(timeseries!A3<>"",timeseries!A3,"") -> 44671.042
A4: =IF(timeseries!A4<>"",timeseries!A4,"") -> 44671.083
A5: =IF(timeseries!A5<>"",timeseries!A5,"") -> 44671.125
A6: =IF(timeseries!A6<>"",timeseries!A6,"") -> 44671.167
A7: =IF(timeseries!A7<>"",timeseries!A7,"") -> 44671.208
A8: =IF(timeseries!A8<>"",timeseries!A8,"") -> 44671.25
A9: =IF(timeseries!A9<>"",timeseries!A9,"")
A10: =IF(timeseries!A10<>"",timeseries!A10,"")
A11: =IF(timeseries!A11<>"",timeseries!A11,"")
A12: =IF(timeseries!A12<>"",timeseries!A12,"")
A13: =IF(timeseries!A13<>"",timeseries!A13,"")
... A25: =IF(timeseries!A25<>"",timeseries!A25,"")

Sheet bid_slots
A1: t
A2: =IF(timeseries!A2<>"",timeseries!A2,"") -> 44671
A3: =IF(timeseries!A3<>"",timeseries!A3,"") -> 44671.042
A4: =IF(timeseries!A4<>"",timeseries!A4,"") -> 44671.083
A5: =IF(timeseries!A5<>"",timeseries!A5,"") -> 44671.125
A6: =IF(timeseries!A6<>"",timeseries!A6,"") -> 44671.167
A7: =IF(timeseries!A7<>"",timeseries!A7,"") -> 44671.208
A8: =IF(timeseries!A8<>"",timeseries!A8,"") -> 44671.25
A9: =IF(timeseries!A9<>"",timeseries!A9,"")
A10: =IF(timeseries!A10<>"",timeseries!A10,"")
A11: =IF(timeseries!A11<>"",timeseries!A11,"")
A12: =IF(timeseries!A12<>"",timeseries!A12,"")
A13: =IF(timeseries!A13<>"",timeseries!A13,"")
... A25: =IF(timeseries!A25<>"",timeseries!A25,"")

Sheet risk
A1: parameter | B1: value
A2: alfa | B2: 0.1
A3: beta | B3: 0

Sheet scenarios
A1: name | B1: propability
A2: s1 | B2: 1

Sheet fixed_ts
A1: t
A2: =IF(timeseries!A2<>"",timeseries!A2,"") -> 44671
A3: =IF(timeseries!A3<>"",timeseries!A3,"") -> 44671.042
A4: =IF(timeseries!A4<>"",timeseries!A4,"") -> 44671.083
A5: =IF(timeseries!A5<>"",timeseries!A5,"") -> 44671.125
A6: =IF(timeseries!A6<>"",timeseries!A6,"") -> 44671.167
A7: =IF(timeseries!A7<>"",timeseries!A7,"") -> 44671.208
A8: =IF(timeseries!A8<>"",timeseries!A8,"") -> 44671.25
A9: =IF(timeseries!A9<>"",timeseries!A9,"")
A10: =IF(timeseries!A10<>"",timeseries!A10,"")
A11: =IF(timeseries!A11<>"",timeseries!A11,"")
A12: =IF(timeseries!A12<>"",timeseries!A12,"")
A13: =IF(timeseries!A13<>"",timeseries!A13,"")
... A25: =IF(timeseries!A25<>"",timeseries!A25,"")

Sheet eff_ts
A1: t
A2: =IF(timeseries!A2<>"",timeseries!A2,"") -> 44671
A3: =IF(timeseries!A3<>"",timeseries!A3,"") -> 44671.042
A4: =IF(timeseries!A4<>"",timeseries!A4,"") -> 44671.083
A5: =IF(timeseries!A5<>"",timeseries!A5,"") -> 44671.125
A6: =IF(timeseries!A6<>"",timeseries!A6,"") -> 44671.167
A7: =IF(timeseries!A7<>"",timeseries!A7,"") -> 44671.208
A8: =IF(timeseries!A8<>"",timeseries!A8,"") -> 44671.25
A9: =IF(timeseries!A9<>"",timeseries!A9,"")
A10: =IF(timeseries!A10<>"",timeseries!A10,"")
A11: =IF(timeseries!A11<>"",timeseries!A11,"")
A12: =IF(timeseries!A12<>"",timeseries!A12,"")
A13: =IF(timeseries!A13<>"",timeseries!A13,"")
... A25: =IF(timeseries!A25<>"",timeseries!A25,"")

Sheet constraints
A1: name | B1: operator | C1: is_setpoint | D1: penalty

Sheet gen_constraint
A1: t
A2: =IF(timeseries!A2<>"",timeseries!A2,"") -> 44671
A3: =IF(timeseries!A3<>"",timeseries!A3,"") -> 44671.042
A4: =IF(timeseries!A4<>"",timeseries!A4,"") -> 44671.083
A5: =IF(timeseries!A5<>"",timeseries!A5,"") -> 44671.125
A6: =IF(timeseries!A6<>"",timeseries!A6,"") -> 44671.167
A7: =IF(timeseries!A7<>"",timeseries!A7,"") -> 44671.208
A8: =IF(timeseries!A8<>"",timeseries!A8,"") -> 44671.25
A9: =IF(timeseries!A9<>"",timeseries!A9,"")
A10: =IF(timeseries!A10<>"",timeseries!A10,"")
A11: =IF(timeseries!A11<>"",timeseries!A11,"")
A12: =IF(timeseries!A12<>"",timeseries!A12,"")
A13: =IF(timeseries!A13<>"",timeseries!A13,"")
... A25: =IF(timeseries!A25<>"",timeseries!A25,"")

Sheet cap_ts
A1: t
A2: =IF(timeseries!A2<>"",timeseries!A2,"") -> 44671
A3: =IF(timeseries!A3<>"",timeseries!A3,"") -> 44671.042
A4: =IF(timeseries!A4<>"",timeseries!A4,"") -> 44671.083
A5: =IF(timeseries!A5<>"",timeseries!A5,"") -> 44671.125
A6: =IF(timeseries!A6<>"",timeseries!A6,"") -> 44671.167
A7: =IF(timeseries!A7<>"",timeseries!A7,"") -> 44671.208
A8: =IF(timeseries!A8<>"",timeseries!A8,"") -> 44671.25
A9: =IF(timeseries!A9<>"",timeseries!A9,"")
A10: =IF(timeseries!A10<>"",timeseries!A10,"")
A11: =IF(timeseries!A11<>"",timeseries!A11,"")
A12: =IF(timeseries!A12<>"",timeseries!A12,"")
A13: =IF(timeseries!A13<>"",timeseries!A13,"")
... A25: =IF(timeseries!A25<>"",timeseries!A25,"")
