Workbook

Sheet timeseries
A1: t
A2: 45383
A3: 45383.042
A4: 45383.083
A5: 45383.125
A6: 45383.167
A7: 45383.208
A8: 45383.25
A9: 45383.292
A10: 45383.333
A11: 45383.375
A12: 45383.417
A13: 45383.458
... A87: 45412.958

Sheet setup
A1: parameter | B1: value
A2: use_market_bids | B2: 1
A3: use_reserves | B3: 1
A4: use_reserve_realisation | B4: 1
A5: use_node_dummy_variables | B5: 1
A6: use_ramp_dummy_variables | B6: 1
A7: node_dummy_variable_cost | B7: 10000
A8: ramp_dummy_variable_cost | B8: 10000
A9: common_start_timesteps | B9: 0
A10: common_end_timesteps | B10: 0
A11: common_scenario_name

Sheet nodes
A1: node | B1: is_commodity | C1: is_state | D1: is_res | E1: is_market | F1: is_inflow | G1: state_max | H1: state_min | I1: in_max | J1: out_max | K1: initial_state | L1: state_loss_proportional | M1: scenario_independent_state | N1: is_temp | O1: t_e_conversion | P1: residual_value
A2: hydro1_res | B2: 0 | C2: 1 | D2: 0 | E2: 0 | F2: 1 | G2: 4000 | H2: 2200 | I2: 1000 | J2: 1 | K2: 5 | L2: 0 | M2: 0 | N2: 0 | O2: 1 | P2: 0
A3: hydro2_res | B3: 0 | C3: 1 | D3: 0 | E3: 0 | F3: 1 | G3: 4200 | H3: 700 | I3: 1 | J3: 1 | K3: 5 | L3: 0 | M3: 0 | N3: 0 | O3: 1 | P3: 0
A4: hydro3_res | B4: 0 | C4: 1 | D4: 0 | E4: 0 | F4: 1 | G4: 6000 | H4: 1600 | I4: 1 | J4: 1 | K4: 5 | L4: 0 | M4: 0 | N4: 0 | O4: 1 | P4: 0
A5: hydro4_res | B5: 0 | C5: 1 | D5: 0 | E5: 0 | F5: 1 | G5: 10000 | H5: 7100 | I5: 1 | J5: 1 | K5: 5 | L5: 0 | M5: 0 | N5: 0 | O5: 1 | P5: 0
A6: hydro5_res | B6: 0 | C6: 1 | D6: 0 | E6: 0 | F6: 1 | G6: 20000 | H6: 15000 | I6: 1 | J6: 1 | K6: 5 | L6: 0 | M6: 0 | N6: 0 | O6: 1 | P6: 0

Sheet processes
A1: process | B1: is_cf | C1: is_cf_fix | D1: is_online | E1: is_res | F1: conversion | G1: eff | H1: load_min | I1: load_max | J1: start_cost | K1: min_online | L1: min_offline | M1: max_online | N1: max_offline | O1: initial_state | P1: scenario_independent_online | Q1: delay
A2: hydro1 | B2: 0 | C2: 0 | D2: 0 | E2: 1 | F2: 1 | G2: 1.073575 | H2: 0 | I2: 1 | J2: 0 | K2: 0 | L2: 0 | M2: 0 | N2: 0 | O2: 0 | P2: 0 | Q2: 0
A3: hydro2 | B3: 0 | C3: 0 | D3: 0 | E3: 1 | F3: 1 | G3: 1.1104729 | H3: 0 | I3: 1 | J3: 0 | K3: 0 | L3: 0 | M3: 0 | N3: 0 | O3: 0 | P3: 0 | Q3: 0
A4: hydro3 | B4: 0 | C4: 0 | D4: 0 | E4: 1 | F4: 1 | G4: 1.0982962 | H4: 0 | I4: 1 | J4: 0 | K4: 0 | L4: 0 | M4: 0 | N4: 0 | O4: 0 | P4: 0 | Q4: 0
A5: hydro4 | B5: 0 | C5: 0 | D5: 0 | E5: 1 | F5: 1 | G5: 1.086095 | H5: 0 | I5: 1 | J5: 0 | K5: 0 | L5: 0 | M5: 0 | N5: 0 | O5: 0 | P5: 0 | Q5: 0
A6: hydro5 | B6: 0 | C6: 0 | D6: 0 | E6: 1 | F6: 1 | G6: 0.03939696 | H6: 0 | I6: 1 | J6: 0 | K6: 0 | L6: 0 | M6: 0 | N6: 0 | O6: 0 | P6: 0 | Q6: 0
A7: hydro1_spill | B7: 0 | C7: 0 | D7: 0 | E7: 0 | F7: 1 | G7: 1 | H7: 0 | I7: 1 | J7: 0 | K7: 0 | L7: 0 | M7: 0 | N7: 0 | O7: 0 | P7: 0 | Q7: 0
A8: hydro2_spill | B8: 0 | C8: 0 | D8: 0 | E8: 0 | F8: 1 | G8: 1 | H8: 0 | I8: 1 | J8: 0 | K8: 0 | L8: 0 | M8: 0 | N8: 0 | O8: 0 | P8: 0 | Q8: 0
A9: hydro3_spill | B9: 0 | C9: 0 | D9: 0 | E9: 0 | F9: 1 | G9: 1 | H9: 0 | I9: 1 | J9: 0 | K9: 0 | L9: 0 | M9: 0 | N9: 0 | O9: 0 | P9: 0 | Q9: 0
A10: hydro4_spill | B10: 0 | C10: 0 | D10: 0 | E10: 0 | F10: 1 | G10: 1 | H10: 0 | I10: 1 | J10: 0 | K10: 0 | L10: 0 | M10: 0 | N10: 0 | O10: 0 | P10: 0 | Q10: 0
A11: hydro5_spill | B11: 0 | C11: 0 | D11: 0 | E11: 0 | F11: 1 | G11: 0 | H11: 0 | I11: 1 | J11: 0 | K11: 0 | L11: 0 | M11: 0 | N11: 0 | O11: 0 | P11: 0 | Q11: 0

Sheet groups
A1: group_type | B1: entity | C1: group
A2: process | B2: ngchp | C2: p1
A3: process | B3: hp1 | C3: p1
A4: process | B4: p2x1 | C4: p1
A5: node | B5: elc | C5: elc_res

Sheet efficiencies
A1: process | B1: 1 | C1: =B1+1 -> 2 | D1: =C1+1 -> 3 | E1: =D1+1 -> 4 | F1: =E1+1 -> 5 | G1: =F1+1 -> 6 | H1: =G1+1 -> 7 | I1: =H1+1 -> 8 | J1: =I1+1 -> 9 | K1: =J1+1 -> 10
A2: ngchp,op | B2: 0.4 | C2: 0.6 | D2: 0.8 | E2: 0.9 | F2: 1
A3: ngchp,eff | B3: 0.8 | C3: 0.78 | D3: 0.75 | E3: 0.7 | F3: 0.65

Sheet process_topology
A1: process | B1: source_sink | C1: node | D1: conversion_coeff | E1: capacity | F1: vom_cost | G1: ramp_up | H1: ramp_down | I1: initial_load | J1: initial_flow
A2: ngchp | B2: source | C2: ng | D2: 1 | E2: 20 | F2: 3 | G2: 0.5 | H2: 0.5 | I2: 0.6 | J2: 0.6
A3: ngchp | B3: sink | C3: dh | D3: 1 | E3: 10 | F3: 0 | G3: 0.5 | H3: 0.5 | I3: 0.6 | J3: 0.6
A4: ngchp | B4: sink | C4: elc | D4: 1 | E4: 8 | F4: 0 | G4: 0.5 | H4: 0.5 | I4: 0.6 | J4: 0.6
A5: hp1 | B5: source | C5: elc | D5: 1 | E5: 5 | F5: 15 | G5: 0.5 | H5: 0.5 | I5: 0.6 | J5: 0.6
A6: hp1 | B6: sink | C6: dh | D6: 1 | E6: 15 | F6: 0.5 | G6: 0.5 | H6: 0.5 | I6: 0.6 | J6: 0.6
A7: p2x1 | B7: source | C7: elc | D7: 1 | E7: 10 | F7: 15 | G7: 1 | H7: 1 | I7: 0.6 | J7: 0.6
A8: p2x1 | B8: sink | C8: h2 | D8: 1 | E8: 7 | F8: 1 | G8: 1 | H8: 1 | I8: 0.6 | J8: 0.6
A9: pv1 | B9: sink | C9: elc | D9: 1 | E9: 5 | F9: 0.5 | G9: 1 | H9: 1 | I9: 0.6 | J9: 0.6
A10: pv2 | B10: sink | C10: elc | D10: 1 | E10: 5 | F10: 0.5 | G10: 1 | H10: 1 | I10: 0.6 | J10: 0.6
A11: dh_tra | B11: source | C11: dh | D11: 1 | E11: 20 | F11: 0 | G11: 1 | H11: 1 | I11: 0.6 | J11: 0.6
A12: dh_tra | B12: sink | C12: dh2 | D12: 1 | E12: 20 | F12: 0 | G12: 1 | H12: 1 | I12: 0.6 | J12: 0.6

Sheet node_history
A1: t
A2: =IF(timeseries!A2<>"",timeseries!A2,"") -> 45383
A3: =IF(timeseries!A3<>"",timeseries!A3,"") -> 45383.042
A4: =IF(timeseries!A4<>"",timeseries!A4,"") -> 45383.083
A5: =IF(timeseries!A5<>"",timeseries!A5,"") -> 45383.125
A6: =IF(timeseries!A6<>"",timeseries!A6,"") -> 45383.167
A7: =IF(timeseries!A7<>"",timeseries!A7,"") -> 45383.208
A8: =IF(timeseries!A8<>"",timeseries!A8,"") -> 45383.25
A9: =IF(timeseries!A9<>"",timeseries!A9,"") -> 45383.292
A10: =IF(timeseries!A10<>"",timeseries!A10,"") -> 45383.333
A11: =IF(timeseries!A11<>"",timeseries!A11,"") -> 45383.375
A12: =IF(timeseries!A12<>"",timeseries!A12,"") -> 45383.417
A13: =IF(timeseries!A13<>"",timeseries!A13,"") -> 45383.458
... A25: =IF(timeseries!A25<>"",timeseries!A25,"") -> 45383.958

Sheet node_delay
A1: node1 | B1: node2 | C1: delay_t | D1: min_flow | E1: max_flow

Sheet node_diffusion
A1: t
A2: =IF(timeseries!A2<>"",timeseries!A2,"") -> 45383
A3: =IF(timeseries!A3<>"",timeseries!A3,"") -> 45383.042
A4: =IF(timeseries!A4<>"",timeseries!A4,"") -> 45383.083
A5: =IF(timeseries!A5<>"",timeseries!A5,"") -> 45383.125
A6: =IF(timeseries!A6<>"",timeseries!A6,"") -> 45383.167
A7: =IF(timeseries!A7<>"",timeseries!A7,"") -> 45383.208
A8: =IF(timeseries!A8<>"",timeseries!A8,"") -> 45383.25
A9: =IF(timeseries!A9<>"",timeseries!A9,"") -> 45383.292
A10: =IF(timeseries!A10<>"",timeseries!A10,"") -> 45383.333
A11: =IF(timeseries!A11<>"",timeseries!A11,"") -> 45383.375
A12: =IF(timeseries!A12<>"",timeseries!A12,"") -> 45383.417
A13: =IF(timeseries!A13<>"",timeseries!A13,"") -> 45383.458
... A25: =IF(timeseries!A25<>"",timeseries!A25,"") -> 45383.958

Sheet reserve_type
A1: reserve_type | B1: ramp_factor
A2: fast | B2: 4
A3: slow | B3: 1

Sheet cf
A1: t | B1: pv1,s1,s2,s3 | C1: pv2,s1 | D1: pv2,s2 | E1: pv2,s3
A2: =IF(timeseries!A2<>"",timeseries!A2,"") -> 45383 | B2: 0 | C2: 0 | D2: =1*C2 -> 0 | E2: =1*C2 -> 0
A3: =IF(timeseries!A3<>"",timeseries!A3,"") -> 45383.042 | B3: 0.4 | C3: 0.4 | D3: =1*C3 -> 0.4 | E3: =1*C3 -> 0.4
A4: =IF(timeseries!A4<>"",timeseries!A4,"") -> 45383.083 | B4: 0.5 | C4: 0.5 | D4: =1*C4 -> 0.5 | E4: =1*C4 -> 0.5
A5: =IF(timeseries!A5<>"",timeseries!A5,"") -> 45383.125 | B5: 0 | C5: 0 | D5: =1*C5 -> 0 | E5: =1*C5 -> 0
A6: =IF(timeseries!A6<>"",timeseries!A6,"") -> 45383.167 | B6: 0.8 | C6: 0.8 | D6: =1*C6 -> 0.8 | E6: =1*C6 -> 0.8
A7: =IF(timeseries!A7<>"",timeseries!A7,"") -> 45383.208 | B7: 1 | C7: 1 | D7: =1*C7 -> 1 | E7: =1*C7 -> 1
A8: =IF(timeseries!A8<>"",timeseries!A8,"") -> 45383.25 | B8: 0.1 | C8: 0.1 | D8: =1*C8 -> 0.1 | E8: =1*C8 -> 0.1
A9: =IF(timeseries!A9<>"",timeseries!A9,"") -> 45383.292 | B9: 0.6 | C9: 0.6 | D9: =1*C9 -> 0.6 | E9: =1*C9 -> 0.6
A10: =IF(timeseries!A10<>"",timeseries!A10,"") -> 45383.333 | B10: 0.4 | C10: 0.4 | D10: =1*C10 -> 0.4 | E10: =1*C10 -> 0.4
A11: =IF(timeseries!A11<>"",timeseries!A11,"") -> 45383.375 | B11: 0.6 | C11: 0.6 | D11: =1*C11 -> 0.6 | E11: =1*C11 -> 0.6
A12: =IF(timeseries!A12<>"",timeseries!A12,"") -> 45383.417 | B12: 0.7 | C12: 0.7 | D12: =1*C12 -> 0.7 | E12: =1*C12 -> 0.7
A13: =IF(timeseries!A13<>"",timeseries!A13,"") -> 45383.458 | B13: 0.1 | C13: 0.1 | D13: =1*C13 -> 0.1 | E13: =1*C13 -> 0.1
... A25: =IF(timeseries!A25<>"",timeseries!A25,"") -> 45383.958 | B25: 0.6 | C25: 0.6 | D25: =1*C25 -> 0.6 | E25: =1*C25 -> 0.6

Sheet inflow
A1: t | B1: dh2,s1 | C1: h2,s1 | D1: dh2,s2 | E1: h2,s2 | F1: dh2,s3 | G1: h2,s3
A2: =IF(timeseries!A2<>"",timeseries!A2,"") -> 45383 | B2: -5 | C2: -5 | D2: -5 | E2: =1*C2 -> -5 | F2: =1*B2 -> -5 | G2: =1*C2 -> -5
A3: =IF(timeseries!A3<>"",timeseries!A3,"") -> 45383.042 | B3: -5 | C3: -5 | D3: =1*B3 -> -5 | E3: =1*C3 -> -5 | F3: =1*B3 -> -5 | G3: =1*C3 -> -5
A4: =IF(timeseries!A4<>"",timeseries!A4,"") -> 45383.083 | B4: -4 | C4: -6 | D4: =1*B4 -> -4 | E4: =1*C4 -> -6 | F4: =1*B4 -> -4 | G4: =1*C4 -> -6
A5: =IF(timeseries!A5<>"",timeseries!A5,"") -> 45383.125 | B5: -2 | C5: -3 | D5: =1*B5 -> -2 | E5: =1*C5 -> -3 | F5: =1*B5 -> -2 | G5: =1*C5 -> -3
A6: =IF(timeseries!A6<>"",timeseries!A6,"") -> 45383.167 | B6: -7 | C6: -4 | D6: =1*B6 -> -7 | E6: =1*C6 -> -4 | F6: =1*B6 -> -7 | G6: =1*C6 -> -4
A7: =IF(timeseries!A7<>"",timeseries!A7,"") -> 45383.208 | B7: -5 | C7: -5 | D7: =1*B7 -> -5 | E7: =1*C7 -> -5 | F7: =1*B7 -> -5 | G7: =1*C7 -> -5
A8: =IF(timeseries!A8<>"",timeseries!A8,"") -> 45383.25 | B8: -14 | C8: 0 | D8: =1*B8 -> -14 | E8: =1*C8 -> 0 | F8: =1*B8 -> -14 | G8: =1*C8 -> 0
A9: =IF(timeseries!A9<>"",timeseries!A9,"") -> 45383.292 | B9: -20 | C9: -2 | D9: =1*B9 -> -20 | E9: =1*C9 -> -2 | F9: =1*B9 -> -20 | G9: =1*C9 -> -2
A10: =IF(timeseries!A10<>"",timeseries!A10,"") -> 45383.333 | B10: -13 | C10: -2 | D10: =1*B10 -> -13 | E10: =1*C10 -> -2 | F10: =1*B10 -> -13 | G10: =1*C10 -> -2
A11: =IF(timeseries!A11<>"",timeseries!A11,"") -> 45383.375 | B11: -12 | C11: -5 | D11: =1*B11 -> -12 | E11: =1*C11 -> -5 | F11: =1*B11 -> -12 | G11: =1*C11 -> -5
A12: =IF(timeseries!A12<>"",timeseries!A12,"") -> 45383.417 | B12: -13 | C12: -2 | D12: =1*B12 -> -13 | E12: =1*C12 -> -2 | F12: =1*B12 -> -13 | G12: =1*C12 -> -2
A13: =IF(timeseries!A13<>"",timeseries!A13,"") -> 45383.458 | B13: -14 | C13: -6 | D13: =1*B13 -> -14 | E13: =1*C13 -> -6 | F13: =1*B13 -> -14 | G13: =1*C13 -> -6
A14: =IF(timeseries!A14<>"",timeseries!A14,"") -> 45383.5 | B14: -18 | C14: -4 | D14: =1*B14 -> -18 | E14: =1*C14 -> -4 | F14: =1*B14 -> -18 | G14: =1*C14 -> -4
... A25: =IF(timeseries!A25<>"",timeseries!A25,"") -> 45383.958 | B25: -9 | C25: -3 | D25: =1*B25 -> -9 | E25: =1*C25 -> -3 | F25: =1*B25 -> -9 | G25: =1*C25 -> -3

Sheet inflow_blocks
A1: t
A2: 1
A3: 2
A4: 3
A5: 4
A6: 5
A7: 6
A8: 7
A9: 8
A10: 9
A11: 10

Sheet flex_inflow
A1: period_name | B1: node | C1: scenario | D1: t_start | E1: t_end | F1: inflow | G1: deviation_penalty

Sheet price
A1: t | B1: ng, ALL
A2: =IF(timeseries!A2<>"",timeseries!A2,"") -> 45383 | B2: 12
A3: =IF(timeseries!A3<>"",timeseries!A3,"") -> 45383.042 | B3: 12
A4: =IF(timeseries!A4<>"",timeseries!A4,"") -> 45383.083 | B4: 12
A5: =IF(timeseries!A5<>"",timeseries!A5,"") -> 45383.125 | B5: 12
A6: =IF(timeseries!A6<>"",timeseries!A6,"") -> 45383.167 | B6: 12
A7: =IF(timeseries!A7<>"",timeseries!A7,"") -> 45383.208 | B7: 12
A8: =IF(timeseries!A8<>"",timeseries!A8,"") -> 45383.25 | B8: 12
A9: =IF(timeseries!A9<>"",timeseries!A9,"") -> 45383.292 | B9: 12
A10: =IF(timeseries!A10<>"",timeseries!A10,"") -> 45383.333 | B10: 12
A11: =IF(timeseries!A11<>"",timeseries!A11,"") -> 45383.375 | B11: 12
A12: =IF(timeseries!A12<>"",timeseries!A12,"") -> 45383.417 | B12: 12
A13: =IF(timeseries!A13<>"",timeseries!A13,"") -> 45383.458 | B13: 12
... A25: =IF(timeseries!A25<>"",timeseries!A25,"") -> 45383.958 | B25: 12

Sheet markets
A1: market | B1: market_type | C1: node | D1: processgroup | E1: direction | F1: reserve_type | G1: is_bid | H1: is_limited | I1: min_bid | J1: max_bid | K1: fee
A2: npe | B2: energy | C2: elc | D2: p1 | E2: none | F2: none | G2: 1 | H2: 0 | I2: 0 | J2: 0 | K2: 0
A3: fcr_n | B3: reserve | C3: elc_res | D3: p1 | E3: up_down | F3: fast | G3: 1 | H3: 1 | I3: 0.5 | J3: 10 | K3: 50
A4: fcr_up | B4: reserve | C4: elc_res | D4: p1 | E4: res_up | F4: slow | G4: 1 | H4: 0 | I4: 0 | J4: 0 | K4: 0
A5: fcr_dn | B5: reserve | C5: elc_res | D5: p1 | E5: res_down | F5: slow | G5: 1 | H5: 1 | I5: 0.5 | J5: 5 | K5: 50

Sheet market_prices
A1: t | B1: npe,s1 | C1: fcr_n,s1 | D1: fcr_up,s1 | E1: fcr_dn,s1 | F1: npe,s2 | G1: fcr_n,s2 | H1: fcr_up,s2 | I1: fcr_dn,s2 | J1: npe,s3 | K1: fcr_n,s3 | L1: fcr_up,s3 | M1: fcr_dn,s3
A2: =IF(timeseries!A2<>"",timeseries!A2,"") -> 45383 | B2: 48 | C2: 5 | D2: 4 | E2: 12 | F2: 72 | G2: 6 | H2: 4.8 | I2: 14.4 | J2: 24 | K2: 0 | L2: 0 | M2: 0
A3: =IF(timeseries!A3<>"",timeseries!A3,"") -> 45383.042 | B3: 60 | C3: 34 | D3: 56 | E3: 71 | F3: 90 | G3: 40.8 | H3: 67.2 | I3: 85.2 | J3: 30 | K3: 0 | L3: 0 | M3: 0
A4: =IF(timeseries!A4<>"",timeseries!A4,"") -> 45383.083 | B4: 58 | C4: 92 | D4: 44 | E4: 42 | F4: 87 | G4: 110.4 | H4: 52.8 | I4: 50.4 | J4: 29 | K4: 0 | L4: 0 | M4: 0
A5: =IF(timeseries!A5<>"",timeseries!A5,"") -> 45383.125 | B5: 51 | C5: 66 | D5: 86 | E5: 39 | F5: 76.5 | G5: 79.2 | H5: 103.2 | I5: 46.8 | J5: 25.5 | K5: 0 | L5: 0 | M5: 0
A6: =IF(timeseries!A6<>"",timeseries!A6,"") -> 45383.167 | B6: 37 | C6: 64 | D6: 10 | E6: 78 | F6: 55.5 | G6: 76.8 | H6: 12 | I6: 93.6 | J6: 18.5 | K6: 0 | L6: 0 | M6: 0
A7: =IF(timeseries!A7<>"",timeseries!A7,"") -> 45383.208 | B7: 34 | C7: 7 | D7: 5 | E7: 100 | F7: 51 | G7: 8.4 | H7: 6 | I7: 120 | J7: 17 | K7: 0 | L7: 0 | M7: 0
A8: =IF(timeseries!A8<>"",timeseries!A8,"") -> 45383.25 | B8: 45 | C8: 92 | D8: 12 | E8: 7 | F8: 67.5 | G8: 110.4 | H8: 14.4 | I8: 8.4 | J8: 22.5 | K8: 0 | L8: 0 | M8: 0
A9: =IF(timeseries!A9<>"",timeseries!A9,"") -> 45383.292 | B9: 41 | C9: 94 | D9: 50 | E9: 49 | F9: 61.5 | G9: 112.8 | H9: 60 | I9: 58.8 | J9: 20.5 | K9: 0 | L9: 0 | M9: 0
A10: =IF(timeseries!A10<>"",timeseries!A10,"") -> 45383.333 | B10: 55 | C10: 87 | D10: 99 | E10: 94 | F10: 82.5 | G10: 104.4 | H10: 118.8 | I10: 112.8 | J10: 27.5 | K10: 0 | L10: 0 | M10: 0
A11: =IF(timeseries!A11<>"",timeseries!A11,"") -> 45383.375 | B11: 59 | C11: 3 | D11: 78 | E11: 88 | F11: 88.5 | G11: 3.6 | H11: 93.6 | I11: 105.6 | J11: 29.5 | K11: 0 | L11: 0 | M11: 0
A12: =IF(timeseries!A12<>"",timeseries!A12,"") -> 45383.417 | B12: 60 | C12: 44 | D12: 25 | E12: 24 | F12: 90 | G12: 52.8 | H12: 30 | I12: 28.8 | J12: 30 | K12: 0 | L12: 0 | M12: 0
A13: =IF(timeseries!A13<>"",timeseries!A13,"") -> 45383.458 | B13: 41 | C13: 99 | D13: 66 | E13: 75 | F13: 61.5 | G13: 118.8 | H13: 79.2 | I13: 90 | J13: 20.5 | K13: 0 | L13: 0 | M13: 0
... A25: =IF(timeseries!A25<>"",timeseries!A25,"") -> 45383.958 | B25: 32 | C25: 65 | D25: 53 | E25: 96 | F25: 48 | G25: 78 | H25: 63.6 | I25: 115.2 | J25: 16 | K25: 0 | L25: 0 | M25: 0

Sheet reserve_realisation
A1: t | B1: fcr_n,s1 | C1: fcr_n,s2 | D1: fcr_n,s3 | E1: fcr_up,s1 | F1: fcr_up,s2 | G1: fcr_up,s3 | H1: fcr_dn,s1 | I1: fcr_dn,s2 | J1: fcr_dn,s3
A2: =IF(timeseries!A2<>"",timeseries!A2,"") -> 45383 | B2: 0.2 | C2: 0.3 | D2: 0.2 | E2: 0.2 | F2: 0.3 | G2: 0.2 | H2: 0.2 | I2: 0.3 | J2: 0.2
A3: =IF(timeseries!A3<>"",timeseries!A3,"") -> 45383.042 | B3: 0.2 | C3: 0.3 | D3: 0.2 | E3: 0.2 | F3: 0.3 | G3: 0.2 | H3: 0.2 | I3: 0.3 | J3: 0.2
A4: =IF(timeseries!A4<>"",timeseries!A4,"") -> 45383.083 | B4: 0.2 | C4: 0.3 | D4: 0.2 | E4: 0.2 | F4: 0.3 | G4: 0.2 | H4: 0.2 | I4: 0.3 | J4: 0.2
A5: =IF(timeseries!A5<>"",timeseries!A5,"") -> 45383.125 | B5: 0.2 | C5: 0.3 | D5: 0.2 | E5: 0.2 | F5: 0.3 | G5: 0.2 | H5: 0.2 | I5: 0.3 | J5: 0.2
A6: =IF(timeseries!A6<>"",timeseries!A6,"") -> 45383.167 | B6: 0.2 | C6: 0.3 | D6: 0.2 | E6: 0.2 | F6: 0.3 | G6: 0.2 | H6: 0.2 | I6: 0.3 | J6: 0.2
A7: =IF(timeseries!A7<>"",timeseries!A7,"") -> 45383.208 | B7: 0.2 | C7: 0.3 | D7: 0.2 | E7: 0.2 | F7: 0.3 | G7: 0.2 | H7: 0.2 | I7: 0.3 | J7: 0.2
A8: =IF(timeseries!A8<>"",timeseries!A8,"") -> 45383.25 | B8: 0.2 | C8: 0.3 | D8: 0.2 | E8: 0.2 | F8: 0.3 | G8: 0.2 | H8: 0.2 | I8: 0.3 | J8: 0.2
A9: =IF(timeseries!A9<>"",timeseries!A9,"") -> 45383.292 | B9: 0.2 | C9: 0.3 | D9: 0.2 | E9: 0.2 | F9: 0.3 | G9: 0.2 | H9: 0.2 | I9: 0.3 | J9: 0.2
A10: =IF(timeseries!A10<>"",timeseries!A10,"") -> 45383.333 | B10: 0.2 | C10: 0.3 | D10: 0.2 | E10: 0.2 | F10: 0.3 | G10: 0.2 | H10: 0.2 | I10: 0.3 | J10: 0.2
A11: =IF(timeseries!A11<>"",timeseries!A11,"") -> 45383.375 | B11: 0.2 | C11: 0.3 | D11: 0.2 | E11: 0.2 | F11: 0.3 | G11: 0.2 | H11: 0.2 | I11: 0.3 | J11: 0.2
A12: =IF(timeseries!A12<>"",timeseries!A12,"") -> 45383.417 | B12: 0.2 | C12: 0.3 | D12: 0.2 | E12: 0.2 | F12: 0.3 | G12: 0.2 | H12: 0.2 | I12: 0.3 | J12: 0.2
A13: =IF(timeseries!A13<>"",timeseries!A13,"") -> 45383.458 | B13: 0.2 | C13: 0.3 | D13: 0.2 | E13: 0.2 | F13: 0.3 | G13: 0.2 | H13: 0.2 | I13: 0.3 | J13: 0.2
... A25: =IF(timeseries!A25<>"",timeseries!A25,"") -> 45383.958 | B25: 0.2 | C25: 0.3 | D25: 0.2 | E25: 0.2 | F25: 0.3 | G25: 0.2 | H25: 0.2 | I25: 0.3 | J25: 0.2

Sheet bid_slots
A1: t
A2: =IF(timeseries!A2<>"",timeseries!A2,"") -> 45383
A3: =IF(timeseries!A3<>"",timeseries!A3,"") -> 45383.042
A4: =IF(timeseries!A4<>"",timeseries!A4,"") -> 45383.083
A5: =IF(timeseries!A5<>"",timeseries!A5,"") -> 45383.125
A6: =IF(timeseries!A6<>"",timeseries!A6,"") -> 45383.167
A7: =IF(timeseries!A7<>"",timeseries!A7,"") -> 45383.208
A8: =IF(timeseries!A8<>"",timeseries!A8,"") -> 45383.25
A9: =IF(timeseries!A9<>"",timeseries!A9,"") -> 45383.292
A10: =IF(timeseries!A10<>"",timeseries!A10,"") -> 45383.333
A11: =IF(timeseries!A11<>"",timeseries!A11,"") -> 45383.375
A12: =IF(timeseries!A12<>"",timeseries!A12,"") -> 45383.417
A13: =IF(timeseries!A13<>"",timeseries!A13,"") -> 45383.458
... A25: =IF(timeseries!A25<>"",timeseries!A25,"") -> 45383.958

Sheet balance_prices
A1: t | B1: npe,up,s1 | C1: npe,up,s2 | D1: npe,up,s3 | E1: npe,dw,s1 | F1: npe,dw,s2 | G1: npe,dw,s3
A2: =IF(timeseries!A2<>"",timeseries!A2,"") -> 45383 | B2: =1.1*market_prices!B2 -> 52.8 | C2: =1.1*market_prices!F2 -> 79.2 | D2: =1.1*market_prices!J2 -> 26.4 | E2: =0.9*market_prices!B2 -> 43.2 | F2: =0.9*market_prices!F2 -> 64.8 | G2: =0.9*market_prices!J2 -> 21.6
A3: =IF(timeseries!A3<>"",timeseries!A3,"") -> 45383.042 | B3: =1.1*market_prices!B3 -> 66 | C3: =1.1*market_prices!F3 -> 99 | D3: =1.1*market_prices!J3 -> 33 | E3: =0.9*market_prices!B3 -> 54 | F3: =0.9*market_prices!F3 -> 81 | G3: =0.9*market_prices!J3 -> 27
A4: =IF(timeseries!A4<>"",timeseries!A4,"") -> 45383.083 | B4: =1.1*market_prices!B4 -> 63.8 | C4: =1.1*market_prices!F4 -> 95.7 | D4: =1.1*market_prices!J4 -> 31.9 | E4: =0.9*market_prices!B4 -> 52.2 | F4: =0.9*market_prices!F4 -> 78.3 | G4: =0.9*market_prices!J4 -> 26.1
A5: =IF(timeseries!A5<>"",timeseries!A5,"") -> 45383.125 | B5: =1.1*market_prices!B5 -> 56.1 | C5: =1.1*market_prices!F5 -> 84.15 | D5: =1.1*market_prices!J5 -> 28.05 | E5: =0.9*market_prices!B5 -> 45.9 | F5: =0.9*market_prices!F5 -> 68.85 | G5: =0.9*market_prices!J5 -> 22.95
A6: =IF(timeseries!A6<>"",timeseries!A6,"") -> 45383.167 | B6: =1.1*market_prices!B6 -> 40.7 | C6: =1.1*market_prices!F6 -> 61.05 | D6: =1.1*market_prices!J6 -> 20.35 | E6: =0.9*market_prices!B6 -> 33.3 | F6: =0.9*market_prices!F6 -> 49.95 | G6: =0.9*market_prices!J6 -> 16.65
A7: =IF(timeseries!A7<>"",timeseries!A7,"") -> 45383.208 | B7: =1.1*market_prices!B7 -> 37.4 | C7: =1.1*market_prices!F7 -> 56.1 | D7: =1.1*market_prices!J7 -> 18.7 | E7: =0.9*market_prices!B7 -> 30.6 | F7: =0.9*market_prices!F7 -> 45.9 | G7: =0.9*market_prices!J7 -> 15.3
A8: =IF(timeseries!A8<>"",timeseries!A8,"") -> 45383.25 | B8: =1.1*market_prices!B8 -> 49.5 | C8: =1.1*market_prices!F8 -> 74.25 | D8: =1.1*market_prices!J8 -> 24.75 | E8: =0.9*market_prices!B8 -> 40.5 | F8: =0.9*market_prices!F8 -> 60.75 | G8: =0.9*market_prices!J8 -> 20.25
A9: =IF(timeseries!A9<>"",timeseries!A9,"") -> 45383.292 | B9: =1.1*market_prices!B9 -> 45.1 | C9: =1.1*market_prices!F9 -> 67.65 | D9: =1.1*market_prices!J9 -> 22.55 | E9: =0.9*market_prices!B9 -> 36.9 | F9: =0.9*market_prices!F9 -> 55.35 | G9: =0.9*market_prices!J9 -> 18.45
A10: =IF(timeseries!A10<>"",timeseries!A10,"") -> 45383.333 | B10: =1.1*market_prices!B10 -> 60.5 | C10: =1.1*market_prices!F10 -> 90.75 | D10: =1.1*market_prices!J10 -> 30.25 | E10: =0.9*market_prices!B10 -> 49.5 | F10: =0.9*market_prices!F10 -> 74.25 | G10: =0.9*market_prices!J10 -> 24.75
A11: =IF(timeseries!A11<>"",timeseries!A11,"") -> 45383.375 | B11: =1.1*market_prices!B11 -> 64.9 | C11: =1.1*market_prices!F11 -> 97.35 | D11: =1.1*market_prices!J11 -> 32.45 | E11: =0.9*market_prices!B11 -> 53.1 | F11: =0.9*market_prices!F11 -> 79.65 | G11: =0.9*market_prices!J11 -> 26.55
A12: =IF(timeseries!A12<>"",timeseries!A12,"") -> 45383.417 | B12: =1.1*market_prices!B12 -> 66 | C12: =1.1*market_prices!F12 -> 99 | D12: =1.1*market_prices!J12 -> 33 | E12: =0.9*market_prices!B12 -> 54 | F12: =0.9*market_prices!F12 -> 81 | G12: =0.9*market_prices!J12 -> 27
A13: =IF(timeseries!A13<>"",timeseries!A13,"") -> 45383.458 | B13: =1.1*market_prices!B13 -> 45.1 | C13: =1.1*market_prices!F13 -> 67.65 | D13: =1.1*market_prices!J13 -> 22.55 | E13: =0.9*market_prices!B13 -> 36.9 | F13: =0.9*market_prices!F13 -> 55.35 | G13: =0.9*market_prices!J13 -> 18.45
... A25: =IF(timeseries!A25<>"",timeseries!A25,"") -> 45383.958 | B25: =1.1*market_prices!B25 -> 35.2 | C25: =1.1*market_prices!F25 -> 52.8 | D25: =1.1*market_prices!J25 -> 17.6 | E25: =0.9*market_prices!B25 -> 28.8 | F25: =0.9*market_prices!F25 -> 43.2 | G25: =0.9*market_prices!J25 -> 14.4

Sheet reserve_activation_price
A1: t | B1: fcr_n,s1 | C1: fcr_n,s2 | D1: fcr_n,s3 | E1: fcr_up,s1 | F1: fcr_up,s2 | G1: fcr_up,s3 | H1: fcr_dn,s1 | I1: fcr_dn,s2 | J1: fcr_dn,s3
A2: =IF(timeseries!A2<>"",timeseries!A2,"") -> 45383 | B2: 0 | C2: 0 | D2: 0 | E2: 0 | F2: 0 | G2: 0 | H2: 0 | I2: 0 | J2: 0
A3: =IF(timeseries!A3<>"",timeseries!A3,"") -> 45383.042 | B3: 0 | C3: 0 | D3: 0 | E3: 0 | F3: 0 | G3: 0 | H3: 0 | I3: 0 | J3: 0
A4: =IF(timeseries!A4<>"",timeseries!A4,"") -> 45383.083 | B4: 0 | C4: 0 | D4: 0 | E4: 0 | F4: 0 | G4: 0 | H4: 0 | I4: 0 | J4: 0
A5: =IF(timeseries!A5<>"",timeseries!A5,"") -> 45383.125 | B5: 0 | C5: 0 | D5: 0 | E5: 0 | F5: 0 | G5: 0 | H5: 0 | I5: 0 | J5: 0
A6: =IF(timeseries!A6<>"",timeseries!A6,"") -> 45383.167 | B6: 0 | C6: 0 | D6: 0 | E6: 0 | F6: 0 | G6: 0 | H6: 0 | I6: 0 | J6: 0
A7: =IF(timeseries!A7<>"",timeseries!A7,"") -> 45383.208 | B7: 0 | C7: 0 | D7: 0 | E7: 0 | F7: 0 | G7: 0 | H7: 0 | I7: 0 | J7: 0
A8: =IF(timeseries!A8<>"",timeseries!A8,"") -> 45383.25 | B8: 0 | C8: 0 | D8: 0 | E8: 0 | F8: 0 | G8: 0 | H8: 0 | I8: 0 | J8: 0
A9: =IF(timeseries!A9<>"",timeseries!A9,"") -> 45383.292 | B9: 0 | C9: 0 | D9: 0 | E9: 0 | F9: 0 | G9: 0 | H9: 0 | I9: 0 | J9: 0
A10: =IF(timeseries!A10<>"",timeseries!A10,"") -> 45383.333 | B10: 0 | C10: 0 | D10: 0 | E10: 0 | F10: 0 | G10: 0 | H10: 0 | I10: 0 | J10: 0
A11: =IF(timeseries!A11<>"",timeseries!A11,"") -> 45383.375 | B11: 0 | C11: 0 | D11: 0 | E11: 0 | F11: 0 | G11: 0 | H11: 0 | I11: 0 | J11: 0
A12: =IF(timeseries!A12<>"",timeseries!A12,"") -> 45383.417 | B12: 0 | C12: 0 | D12: 0 | E12: 0 | F12: 0 | G12: 0 | H12: 0 | I12: 0 | J12: 0
A13: =IF(timeseries!A13<>"",timeseries!A13,"") -> 45383.458 | B13: 0 | C13: 0 | D13: 0 | E13: 0 | F13: 0 | G13: 0 | H13: 0 | I13: 0 | J13: 0
... A25: =IF(timeseries!A25<>"",timeseries!A25,"") -> 45383.958 | B25: 0 | C25: 0 | D25: 0 | E25: 0 | F25: 0 | G25: 0 | H25: 0 | I25: 0 | J25: 0

Sheet risk
A1: parameter | B1: value
A2: alfa | B2: 0.1
A3: beta | B3: 0.2

Sheet scenarios
A1: name | B1: propability
A2: s1 | B2: 0.3
A3: s2 | B3: 0.5
A4: s3 | B4: 0.2

Sheet fixed_ts
A1: t
A2: =IF(timeseries!A2<>"",timeseries!A2,"") -> 45383
A3: =IF(timeseries!A3<>"",timeseries!A3,"") -> 45383.042
A4: =IF(timeseries!A4<>"",timeseries!A4,"") -> 45383.083
A5: =IF(timeseries!A5<>"",timeseries!A5,"") -> 45383.125
A6: =IF(timeseries!A6<>"",timeseries!A6,"") -> 45383.167
A7: =IF(timeseries!A7<>"",timeseries!A7,"") -> 45383.208
A8: =IF(timeseries!A8<>"",timeseries!A8,"") -> 45383.25
A9: =IF(timeseries!A9<>"",timeseries!A9,"") -> 45383.292
A10: =IF(timeseries!A10<>"",timeseries!A10,"") -> 45383.333
A11: =IF(timeseries!A11<>"",timeseries!A11,"") -> 45383.375
A12: =IF(timeseries!A12<>"",timeseries!A12,"") -> 45383.417
A13: =IF(timeseries!A13<>"",timeseries!A13,"") -> 45383.458
... A25: =IF(timeseries!A25<>"",timeseries!A25,"") -> 45383.958

Sheet eff_ts
A1: t | B1: heat_pump_1,s1 | C1: heat_pump_1,s2 | D1: heat_pump_1,s3
A2: =IF(timeseries!A2<>"",timeseries!A2,"") -> 45383 | B2: 3 | C2: 3 | D2: 3
A3: =IF(timeseries!A3<>"",timeseries!A3,"") -> 45383.042 | B3: 3.5 | C3: 3.5 | D3: 3.5
A4: =IF(timeseries!A4<>"",timeseries!A4,"") -> 45383.083 | B4: 3.5 | C4: 3.5 | D4: 3.5
A5: =IF(timeseries!A5<>"",timeseries!A5,"") -> 45383.125 | B5: 3.4 | C5: 3.4 | D5: 3.4
A6: =IF(timeseries!A6<>"",timeseries!A6,"") -> 45383.167 | B6: 3.3 | C6: 3.3 | D6: 3.3
A7: =IF(timeseries!A7<>"",timeseries!A7,"") -> 45383.208 | B7: 3.2 | C7: 3.2 | D7: 3.2
A8: =IF(timeseries!A8<>"",timeseries!A8,"") -> 45383.25 | B8: 3.1 | C8: 3.1 | D8: 3.1
A9: =IF(timeseries!A9<>"",timeseries!A9,"") -> 45383.292 | B9: 3 | C9: 3 | D9: 3
A10: =IF(timeseries!A10<>"",timeseries!A10,"") -> 45383.333 | B10: 2.5 | C10: 2.5 | D10: 2.5
A11: =IF(timeseries!A11<>"",timeseries!A11,"") -> 45383.375 | B11: 2.5 | C11: 2.5 | D11: 2.5
A12: =IF(timeseries!A12<>"",timeseries!A12,"") -> 45383.417 | B12: 2.5 | C12: 2.5 | D12: 2.5
A13: =IF(timeseries!A13<>"",timeseries!A13,"") -> 45383.458 | B13: 2.5 | C13: 2.5 | D13: 2.5
... A25: =IF(timeseries!A25<>"",timeseries!A25,"") -> 45383.958 | B25: 3.5 | C25: 3.5 | D25: 3.5

Sheet constraints
A1: name | B1: operator | C1: is_setpoint | D1: penalty
A2: c1 | B2: eq | C2: 0 | D2: 0

Sheet gen_constraint
A1: t | B1: c1,ngchp,elc,s1 | C1: c1,ngchp,elc,s2 | D1: c1,ngchp,elc,s3 | E1: c1,ngchp,dh,s1 | F1: c1,ngchp,dh,s2 | G1: c1,ngchp,dh,s3 | H1: c1,s1 | I1: c1,s2 | J1: c1,s3
A2: =IF(timeseries!A2<>"",timeseries!A2,"") -> 45383 | B2: 1 | C2: 1 | D2: 1 | E2: -0.8 | F2: -0.8 | G2: -0.8 | H2: 0 | I2: 0 | J2: 0
A3: =IF(timeseries!A3<>"",timeseries!A3,"") -> 45383.042 | B3: 1 | C3: 1 | D3: 1 | E3: -0.8 | F3: -0.8 | G3: -0.8 | H3: 0 | I3: 0 | J3: 0
A4: =IF(timeseries!A4<>"",timeseries!A4,"") -> 45383.083 | B4: 1 | C4: 1 | D4: 1 | E4: -0.8 | F4: -0.8 | G4: -0.8 | H4: 0 | I4: 0 | J4: 0
A5: =IF(timeseries!A5<>"",timeseries!A5,"") -> 45383.125 | B5: 1 | C5: 1 | D5: 1 | E5: -0.8 | F5: -0.8 | G5: -0.8 | H5: 0 | I5: 0 | J5: 0
A6: =IF(timeseries!A6<>"",timeseries!A6,"") -> 45383.167 | B6: 1 | C6: 1 | D6: 1 | E6: -0.8 | F6: -0.8 | G6: -0.8 | H6: 0 | I6: 0 | J6: 0
A7: =IF(timeseries!A7<>"",timeseries!A7,"") -> 45383.208 | B7: 1 | C7: 1 | D7: 1 | E7: -0.8 | F7: -0.8 | G7: -0.8 | H7: 0 | I7: 0 | J7: 0
A8: =IF(timeseries!A8<>"",timeseries!A8,"") -> 45383.25 | B8: 1 | C8: 1 | D8: 1 | E8: -0.8 | F8: -0.8 | G8: -0.8 | H8: 0 | I8: 0 | J8: 0
A9: =IF(timeseries!A9<>"",timeseries!A9,"") -> 45383.292 | B9: 1 | C9: 1 | D9: 1 | E9: -0.8 | F9: -0.8 | G9: -0.8 | H9: 0 | I9: 0 | J9: 0
A10: =IF(timeseries!A10<>"",timeseries!A10,"") -> 45383.333 | B10: 1 | C10: 1 | D10: 1 | E10: -0.8 | F10: -0.8 | G10: -0.8 | H10: 0 | I10: 0 | J10: 0
A11: =IF(timeseries!A11<>"",timeseries!A11,"") -> 45383.375 | B11: 1 | C11: 1 | D11: 1 | E11: -0.8 | F11: -0.8 | G11: -0.8 | H11: 0 | I11: 0 | J11: 0
A12: =IF(timeseries!A12<>"",timeseries!A12,"") -> 45383.417 | B12: 1 | C12: 1 | D12: 1 | E12: -0.8 | F12: -0.8 | G12: -0.8 | H12: 0 | I12: 0 | J12: 0
A13: =IF(timeseries!A13<>"",timeseries!A13,"") -> 45383.458 | B13: 1 | C13: 1 | D13: 1 | E13: -0.8 | F13: -0.8 | G13: -0.8 | H13: 0 | I13: 0 | J13: 0
... A25: =IF(timeseries!A25<>"",timeseries!A25,"") -> 45383.958 | B25: 1 | C25: 1 | D25: 1 | E25: -0.8 | F25: -0.8 | G25: -0.8 | H25: 0 | I25: 0 | J25: 0

Sheet cap_ts
A1: t | B1: hp1,elc,s1 | C1: hp1,elc,s2 | D1: hp1,elc,s3
A2: =IF(timeseries!A2<>"",timeseries!A2,"") -> 45383 | B2: 5 | C2: 5 | D2: 5
A3: =IF(timeseries!A3<>"",timeseries!A3,"") -> 45383.042 | B3: 4.2857143 | C3: 4.2857143 | D3: 4.2857143
A4: =IF(timeseries!A4<>"",timeseries!A4,"") -> 45383.083 | B4: 4.2857143 | C4: 4.2857143 | D4: 4.2857143
A5: =IF(timeseries!A5<>"",timeseries!A5,"") -> 45383.125 | B5: 4.4117647 | C5: 4.4117647 | D5: 4.4117647
A6: =IF(timeseries!A6<>"",timeseries!A6,"") -> 45383.167 | B6: 4.5454545 | C6: 4.5454545 | D6: 4.5454545
A7: =IF(timeseries!A7<>"",timeseries!A7,"") -> 45383.208 | B7: 4.6875 | C7: 4.6875 | D7: 4.6875
A8: =IF(timeseries!A8<>"",timeseries!A8,"") -> 45383.25 | B8: 4.8387097 | C8: 4.8387097 | D8: 4.8387097
A9: =IF(timeseries!A9<>"",timeseries!A9,"") -> 45383.292 | B9: 5 | C9: 5 | D9: 5
A10: =IF(timeseries!A10<>"",timeseries!A10,"") -> 45383.333 | B10: 6 | C10: 6 | D10: 6
A11: =IF(timeseries!A11<>"",timeseries!A11,"") -> 45383.375 | B11: 6 | C11: 6 | D11: 6
A12: =IF(timeseries!A12<>"",timeseries!A12,"") -> 45383.417 | B12: 6 | C12: 6 | D12: 6
A13: =IF(timeseries!A13<>"",timeseries!A13,"") -> 45383.458 | B13: 6 | C13: 6 | D13: 6
... A25: =IF(timeseries!A25<>"",timeseries!A25,"") -> 45383.958 | B25: 4.2857143 | C25: 4.2857143 | D25: 4.2857143
